i,j,k,Alt_Si3N4,Anc_Si3N4,lambda,n_eff,A_eff,lambda_nm
1,1,1,0.4,0.6,0.5,1.960858147184532,1.5054152393281302e-13,500.0
1,1,2,0.4166666666666667,0.6,0.5,1.9649230628074839,1.5528183082111134e-13,500.0
1,1,3,0.43333333333333335,0.6,0.5,1.968701307969987,1.601730223044606e-13,500.0
1,1,4,0.45,0.6,0.5,1.9720128502936478,1.6490211803435823e-13,500.0
1,1,5,0.4666666666666667,0.6,0.5,1.9749015521163795,1.6951580395012636e-13,500.0
1,1,6,0.48333333333333334,0.6,0.5,1.9777198070483855,1.7437025245521954e-13,500.0
1,1,7,0.5,0.6,0.5,1.9802549349106684,1.791443018504868e-13,500.0
1,2,1,0.4,0.695,0.5,1.9707941562167823,1.694836281372948e-13,500.0
1,2,2,0.4166666666666667,0.695,0.5,1.974843819696236,1.748462312020693e-13,500.0
1,2,3,0.43333333333333335,0.695,0.5,1.9786069233477843,1.8037630004243523e-13,500.0
1,2,4,0.45,0.695,0.5,1.9819052448828054,1.8572262253361776e-13,500.0
1,2,5,0.4666666666666667,0.695,0.5,1.9847779930315685,1.9093449930564478e-13,500.0
1,2,6,0.48333333333333334,0.695,0.5,1.9875852805328593,1.9642054039841774e-13,500.0
1,2,7,0.5,0.695,0.5,1.99010806173908,2.0179347966652173e-13,500.0
1,3,1,0.4,0.7899999999999999,0.5,1.9775930019211934,1.8938434949504012e-13,500.0
1,3,2,0.4166666666666667,0.7899999999999999,0.5,1.9816289117996941,1.9538624646807878e-13,500.0
1,3,3,0.43333333333333335,0.7899999999999999,0.5,1.9853789541337663,2.0157447758181353e-13,500.0
1,3,4,0.45,0.7899999999999999,0.5,1.9886657708921343,2.075563588335027e-13,500.0
1,3,5,0.4666666666666667,0.7899999999999999,0.5,1.9915295092225895,2.1339286219094134e-13,500.0
1,3,6,0.48333333333333334,0.7899999999999999,0.5,1.994326650945312,2.195298908262091e-13,500.0
1,3,7,0.5,0.7899999999999999,0.5,1.996841833063143,2.2554536541614175e-13,500.0
1,4,1,0.4,0.885,0.5,1.9824774226230713,2.1030986150131927e-13,500.0
1,4,2,0.4166666666666667,0.885,0.5,1.9865032434383647,2.169794553648882e-13,500.0
1,4,3,0.43333333333333335,0.885,0.5,1.9902440354992597,2.2385727056688738e-13,500.0
1,4,4,0.45,0.885,0.5,1.9935227606463464,2.305054453950297e-13,500.0
1,4,5,0.4666666666666667,0.885,0.5,1.9963788191336738,2.3698484811359946e-13,500.0
1,4,6,0.48333333333333334,0.885,0.5,1.999168675462649,2.43803819465106e-13,500.0
1,4,7,0.5,0.885,0.5,2.00167900110138,2.5050316972926664e-13,500.0
1,5,1,0.4,0.98,0.5,1.985953968843117,2.3102582921253025e-13,500.0
1,5,2,0.4166666666666667,0.98,0.5,1.9899729494329572,2.3835819151067367e-13,500.0
1,5,3,0.43333333333333335,0.98,0.5,1.9937073134071999,2.459191020529999e-13,500.0
1,5,4,0.45,0.98,0.5,1.9969803888082944,2.53227165553014e-13,500.0
1,5,5,0.4666666666666667,0.98,0.5,1.9998315360780248,2.603522400388404e-13,500.0
1,5,6,0.48333333333333334,0.98,0.5,2.002616559164714,2.6784754918429027e-13,500.0
1,5,7,0.5,0.98,0.5,2.0051229845234992,2.7521281814277416e-13,500.0
1,6,1,0.4,1.075,0.5,1.9884838469062533,2.5113970460808754e-13,500.0
1,6,2,0.4166666666666667,1.075,0.5,1.9924988028608042,2.591243340100347e-13,500.0
1,6,3,0.43333333333333335,1.075,0.5,1.9962292391424958,2.6735569543334326e-13,500.0
1,6,4,0.45,1.075,0.5,1.9994988919338175,2.7531158618016055e-13,500.0
1,6,5,0.4666666666666667,1.075,0.5,2.002345958891385,2.8306152778520904e-13,500.0
1,6,6,0.48333333333333334,1.075,0.5,2.0051281956324223,2.9122120124944307e-13,500.0
1,6,7,0.5,1.075,0.5,2.0076314759197995,2.9922602783264376e-13,500.0
1,7,1,0.4,1.17,0.5,1.9904960658853312,2.7199310885887374e-13,500.0
1,7,2,0.4166666666666667,1.17,0.5,1.9945069565771572,2.80643993696614e-13,500.0
1,7,3,0.43333333333333335,1.17,0.5,1.9982335632439117,2.8956157782338087e-13,500.0
1,7,4,0.45,1.17,0.5,2.0014998506046426,2.9818042390909417e-13,500.0
1,7,5,0.4666666666666667,1.17,0.5,2.004344262567273,3.065801523353677e-13,500.0
1,7,6,0.48333333333333334,1.17,0.5,2.0071235699795995,3.1541926663665675e-13,500.0
1,7,7,0.5,1.17,0.5,2.0096245127272847,3.240929658884636e-13,500.0
2,1,1,0.4,0.6,0.5109183673469387,1.95411020034915,1.5217154679558102e-13,510.91836734693874
2,1,2,0.4166666666666667,0.6,0.5109183673469387,1.9583021395487898,1.5691500611353534e-13,510.91836734693874
2,1,3,0.43333333333333335,0.6,0.5109183673469387,1.962200403883123,1.618107718737859e-13,510.91836734693874
2,1,4,0.45,0.6,0.5109183673469387,1.9656177801869157,1.665438084294949e-13,510.91836734693874
2,1,5,0.4666666666666667,0.6,0.5109183673469387,1.9686080073593684,1.7117501588769094e-13,510.91836734693874
2,1,6,0.48333333333333334,0.6,0.5109183673469387,1.9715206315344342,1.7604049984808812e-13,510.91836734693874
2,1,7,0.5,0.6,0.5109183673469387,1.9741412608876443,1.8082624089066995e-13,510.91836734693874
2,2,1,0.4,0.695,0.5109183673469387,1.9644937235912276,1.7112117045928932e-13,510.91836734693874
2,2,2,0.4166666666666667,0.695,0.5109183673469387,1.9686693949443825,1.764834277057813e-13,510.91836734693874
2,2,3,0.43333333333333335,0.695,0.5109183673469387,1.9725514850668364,1.8201442866181036e-13,510.91836734693874
2,2,4,0.45,0.695,0.5109183673469387,1.9759547329143796,1.8736104461491883e-13,510.91836734693874
2,2,5,0.4666666666666667,0.695,0.5109183673469387,1.9789280976346566,1.9258964275157405e-13,510.91836734693874
2,2,6,0.48333333333333334,0.695,0.5109183673469387,1.9818289318996538,1.98083519688716e-13,510.91836734693874
2,2,7,0.5,0.695,0.5109183673469387,1.9844360120534696,2.0346279656028216e-13,510.91836734693874
2,3,1,0.4,0.7899999999999999,0.5109183673469387,1.9715974073800275,1.9106385236218927e-13,510.91836734693874
2,3,2,0.4166666666666667,0.7899999999999999,0.5109183673469387,1.9757583497289501,1.9706190721237818e-13,510.91836734693874
2,3,3,0.43333333333333335,0.7899999999999999,0.5109183673469387,1.9796264335724574,2.032475108635212e-13,510.91836734693874
2,3,4,0.45,0.7899999999999999,0.5109183673469387,1.9830173364949555,2.0922609296449154e-13,510.91836734693874
2,3,5,0.4666666666666667,0.7899999999999999,0.5109183673469387,1.9859809670997595,2.1507776006216873e-13,510.91836734693874
2,3,6,0.48333333333333334,0.7899999999999999,0.5109183673469387,1.9888708929026582,2.2121971687050727e-13,510.91836734693874
2,3,7,0.5,0.7899999999999999,0.5109183673469387,1.9914698171566363,2.2723875147292123e-13,510.91836734693874
2,4,1,0.4,0.885,0.5109183673469387,1.976698072160789,2.1204364343237608e-13,510.91836734693874
2,4,2,0.4166666666666667,0.885,0.5109183673469387,1.98084818617146,2.1870557464492844e-13,510.91836734693874
2,4,3,0.43333333333333335,0.885,0.5109183673469387,1.9847063330251904,2.2557698449139824e-13,510.91836734693874
2,4,4,0.45,0.885,0.5109183673469387,1.9880885397085122,2.3221807510586634e-13,510.91836734693874
2,4,5,0.4666666666666667,0.885,0.5109183673469387,1.991043800623323,2.387098968545238e-13,510.91836734693874
2,4,6,0.48333333333333334,0.885,0.5109183673469387,1.993925887775434,2.455307937559411e-13,510.91836734693874
2,4,7,0.5,0.885,0.5109183673469387,1.996519675460647,2.5223208952397275e-13,510.91836734693874
2,5,1,0.4,0.98,0.5109183673469387,1.980331597595975,2.328378306363096e-13,510.91836734693874
2,5,2,0.4166666666666667,0.98,0.5109183673469387,1.984474371017943,2.4015961626164825e-13,510.91836734693874
2,5,3,0.43333333333333335,0.98,0.5109183673469387,1.988325612690188,2.4771120740635786e-13,510.91836734693874
2,5,4,0.45,0.98,0.5109183673469387,1.9917017473345389,2.550092373210346e-13,510.91836734693874
2,5,5,0.4666666666666667,0.98,0.5109183673469387,1.994651731872724,2.6214593162426017e-13,510.91836734693874
2,5,6,0.48333333333333334,0.98,0.5109183673469387,1.9975286119348015,2.696409742516447e-13,510.91836734693874
2,5,7,0.5,0.98,0.5109183673469387,2.000118177739784,2.770059441793191e-13,510.91836734693874
2,6,1,0.4,1.075,0.5109183673469387,1.9829772626559736,2.530455609064764e-13,510.91836734693874
2,6,2,0.4166666666666667,1.075,0.5109183673469387,1.9871157172378495,2.6101765762608835e-13,510.91836734693874
2,6,3,0.43333333333333335,1.075,0.5109183673469387,1.9909627414535107,2.6923772215768783e-13,510.91836734693874
2,6,4,0.45,1.075,0.5109183673469387,1.9943352003389656,2.771815566149998e-13,510.91836734693874
2,6,5,0.4666666666666667,1.075,0.5109183673469387,1.9972808456258646,2.8494348629436693e-13,510.91836734693874
2,6,6,0.48333333333333334,1.075,0.5109183673469387,2.0001547187518027,2.931015655704343e-13,510.91836734693874
2,6,7,0.5,1.075,0.5109183673469387,2.002740834935034,3.011034965326325e-13,510.91836734693874
2,7,1,0.4,1.17,0.5109183673469387,1.985080912746611,2.739971619703575e-13,510.91836734693874
2,7,2,0.4166666666666667,1.17,0.5109183673469387,1.9892149992779071,2.826330675274843e-13,510.91836734693874
2,7,3,0.43333333333333335,1.17,0.5109183673469387,1.9930579048032635,2.915369144170231e-13,510.91836734693874
2,7,4,0.45,1.17,0.5109183673469387,1.9964267426741267,3.001412177947249e-13,510.91836734693874
2,7,5,0.4666666666666667,1.17,0.5109183673469387,1.9993695151468,3.085525404112883e-13,510.91836734693874
2,7,6,0.48333333333333334,1.17,0.5109183673469387,2.0022402313687047,3.1738836414601504e-13,510.91836734693874
2,7,7,0.5,1.17,0.5109183673469387,2.004823829721289,3.2605749015040355e-13,510.91836734693874
3,1,1,0.4,0.6,0.5218367346938776,1.9474814224512298,1.5383788076902327e-13,521.8367346938776
3,1,2,0.4166666666666667,0.6,0.5218367346938776,1.9518005026990364,1.5858423750154926e-13,521.8367346938776
3,1,3,0.43333333333333335,0.6,0.5218367346938776,1.9558189971011712,1.634844066706896e-13,521.8367346938776
3,1,4,0.45,0.6,0.5218367346938776,1.9593424591720985,1.68221352551096e-13,521.8367346938776
3,1,5,0.4666666666666667,0.6,0.5218367346938776,1.9624345529459675,1.7286939656013267e-13,521.8367346938776
3,1,6,0.48333333333333334,0.6,0.5218367346938776,1.9654419620894776,1.7774587437204101e-13,521.8367346938776
3,1,7,0.5,0.6,0.5218367346938776,1.9681485419662397,1.8254344380150622e-13,521.8367346938776
3,2,1,0.4,0.695,0.5218367346938776,1.9583215746459546,1.7278882081737044e-13,521.8367346938776
3,2,2,0.4166666666666667,0.695,0.5218367346938776,1.9626233497300445,1.7815040270971066e-13,521.8367346938776
3,2,3,0.43333333333333335,0.695,0.5218367346938776,1.9666246107692502,1.8368208340755224e-13,521.8367346938776
3,2,4,0.45,0.695,0.5218367346938776,1.9701330121185059,1.890288928449664e-13,521.8367346938776
3,2,5,0.4666666666666667,0.695,0.5218367346938776,1.9732073328580708,1.942734397054687e-13,521.8367346938776
3,2,6,0.48333333333333334,0.695,0.5218367346938776,1.9762020998786498,1.9977499691648095e-13,521.8367346938776
3,2,7,0.5,0.695,0.5218367346938776,1.978893850718071,2.0516052174296148e-13,521.8367346938776
3,3,1,0.4,0.7899999999999999,0.5218367346938776,1.9657364791896843,1.9276980814059287e-13,521.8367346938776
3,3,2,0.4166666666666667,0.7899999999999999,0.5218367346938776,1.9700225173886234,1.9876363084576935e-13,521.8367346938776
3,3,3,0.43333333333333335,0.7899999999999999,0.5218367346938776,1.9740087934489752,2.0494629264655826e-13,521.8367346938776
3,3,4,0.45,0.7899999999999999,0.5218367346938776,1.9775039785453628,2.1092142677816169e-13,521.8367346938776
3,3,5,0.4666666666666667,0.7899999999999999,0.5218367346938776,1.9805678084399376,2.1678731991766136e-13,521.8367346938776
3,3,6,0.48333333333333334,0.7899999999999999,0.5218367346938776,1.983550873329358,2.2293397132509598e-13,521.8367346938776
3,3,7,0.5,0.7899999999999999,0.5218367346938776,1.9862338913837498,2.289564141987184e-13,521.8367346938776
3,4,1,0.4,0.885,0.5218367346938776,1.971057928699933,2.1380225469726673e-13,521.8367346938776
3,4,2,0.4166666666666667,0.885,0.5218367346938776,1.975332371367441,2.2045610128107191e-13,521.8367346938776
3,4,3,0.43333333333333335,0.885,0.5218367346938776,1.9793079967949816,2.273207626805215e-13,521.8367346938776
3,4,4,0.45,0.885,0.5218367346938776,1.982793856673227,2.3395460532663784e-13,521.8367346938776
3,4,5,0.4666666666666667,0.885,0.5218367346938776,1.9858485870549538,2.4045771623194015e-13,521.8367346938776
3,4,6,0.48333333333333334,0.885,0.5218367346938776,1.9888232365515721,2.472802682475017e-13,521.8367346938776
3,4,7,0.5,0.885,0.5218367346938776,1.9915008358914716,2.539834048381372e-13,521.8367346938776
3,5,1,0.4,0.98,0.5218367346938776,1.9748517798090062,2.3467315357444155e-13,521.8367346938776
3,5,2,0.4166666666666667,0.98,0.5218367346938776,1.9791183624241453,2.419838940507012e-13,521.8367346938776
3,5,3,0.43333333333333335,0.98,0.5218367346938776,1.9830865865557603,2.49525777760301e-13,521.8367346938776
3,5,4,0.45,0.98,0.5218367346938776,1.9865659348140685,2.5681358037319066e-13,521.8367346938776
3,5,5,0.4666666666666667,0.98,0.5218367346938776,1.9896150093687077,2.639606287563571e-13,521.8367346938776
3,5,6,0.48333333333333334,0.98,0.5218367346938776,1.9925840613543833,2.714550797312112e-13,521.8367346938776
3,5,7,0.5,0.98,0.5218367346938776,1.9952571011805076,2.788195968200999e-13,521.8367346938776
3,6,1,0.4,1.075,0.5218367346938776,1.977615721427636,2.549731074841641e-13,521.8367346938776
3,6,2,0.4166666666666667,1.075,0.5218367346938776,1.981877679933486,2.6293213972875677e-13,521.8367346938776
3,6,3,0.43333333333333335,1.075,0.5218367346938776,1.985841385466579,2.711404570762796e-13,521.8367346938776
3,6,4,0.45,1.075,0.5218367346938776,1.98931679469667,2.790719952394218e-13,521.8367346938776
3,6,5,0.4666666666666667,1.075,0.5218367346938776,1.9923612654771412,2.868445473139941e-13,521.8367346938776
3,6,6,0.48333333333333334,1.075,0.5218367346938776,1.9953270798251619,2.95000634432523e-13,521.8367346938776
3,6,7,0.5,1.075,0.5218367346938776,1.997996345616257,3.029993946168789e-13,521.8367346938776
3,7,1,0.4,1.17,0.5218367346938776,1.9798127930119143,2.7602211469389354e-13,521.8367346938776
3,7,2,0.4166666666666667,1.17,0.5218367346938776,1.9840700682098291,2.846424601188349e-13,521.8367346938776
3,7,3,0.43333333333333335,1.17,0.5218367346938776,1.988029353661124,2.9353207318378516e-13,521.8367346938776
3,7,4,0.45,1.17,0.5218367346938776,1.9915008751801462,3.021215632093336e-13,521.8367346938776
3,7,5,0.4666666666666667,1.17,0.5218367346938776,1.9945422446963779,3.105429760115612e-13,521.8367346938776
3,7,6,0.48333333333333334,1.17,0.5218367346938776,1.9975046641095695,3.193750589377881e-13,521.8367346938776
3,7,7,0.5,1.17,0.5218367346938776,2.00017122375135,3.280392970584305e-13,521.8367346938776
4,1,1,0.4,0.6,0.5327551020408163,1.9409569024970688,1.5554184507262226e-13,532.7551020408164
4,1,2,0.4166666666666667,0.6,0.5327551020408163,1.9454031855587008,1.6029080321937394e-13,532.7551020408164
4,1,3,0.43333333333333335,0.6,0.5327551020408163,1.949542070259177,1.651951680671282e-13,532.7551020408164
4,1,4,0.45,0.6,0.5327551020408163,1.9531718268460139,1.6993595603920548e-13,532.7551020408164
4,1,5,0.4666666666666667,0.6,0.5327551020408163,1.9563660858928908,1.7460016963608083e-13,532.7551020408164
4,1,6,0.48333333333333334,0.6,0.5327551020408163,1.9594686577884555,1.7948757755315732e-13,532.7551020408164
4,1,7,0.5,0.6,0.5327551020408163,1.9622616060971265,1.842970922449962e-13,532.7551020408164
4,2,1,0.4,0.695,0.5327551020408163,1.9522627595251199,1.7448770076415836e-13,532.7551020408164
4,2,2,0.4166666666666667,0.695,0.5327551020408163,1.956690681877846,1.7984824243056378e-13,532.7551020408164
4,2,3,0.43333333333333335,0.695,0.5327551020408163,1.9608112504034911,1.853803186958075e-13,532.7551020408164
4,2,4,0.45,0.695,0.5327551020408163,1.9644249916511427,1.9072718966048828e-13,532.7551020408164
4,2,5,0.4666666666666667,0.695,0.5327551020408163,1.9676005696086631,1.959869441105475e-13,532.7551020408164
4,2,6,0.48333333333333334,0.695,0.5327551020408163,1.9706896187313678,2.014960074233568e-13,532.7551020408164
4,2,7,0.5,0.695,0.5327551020408163,1.9734663788389457,2.068876698078645e-13,532.7551020408164
4,3,1,0.4,0.7899999999999999,0.5327551020408163,1.959995253011652,1.9450319878057463e-13,532.7551020408164
4,3,2,0.4166666666666667,0.7899999999999999,0.5327551020408163,1.9644063995000187,2.0049236560539277e-13,532.7551020408164
4,3,3,0.43333333333333335,0.7899999999999999,0.5327551020408163,1.9685109716710318,2.0667174070713058e-13,532.7551020408164
4,3,4,0.45,0.7899999999999999,0.5327551020408163,1.9721105949450075,2.1264324640611746e-13,532.7551020408164
4,3,5,0.4666666666666667,0.7899999999999999,0.5327551020408163,1.9752748931489386,2.1852246730320393e-13,532.7551020408164
4,3,6,0.48333333333333334,0.7899999999999999,0.5327551020408163,1.9783514158928084,2.2467356213932876e-13,532.7551020408164
4,3,7,0.5,0.7899999999999999,0.5327551020408163,1.9811188469161962,2.306992412554176e-13,532.7551020408164
4,4,1,0.4,0.885,0.5327551020408163,1.9655420234425613,2.155865451447502e-13,532.7551020408164
4,4,2,0.4166666666666667,0.885,0.5327551020408163,1.9699407798771615,2.2223184955177053e-13,532.7551020408164
4,4,3,0.43333333333333335,0.885,0.5327551020408163,1.9740339612858713,2.290893869320111e-13,532.7551020408164
4,4,4,0.45,0.885,0.5327551020408163,1.9776236063126535,2.3571578335779193e-13,532.7551020408164
4,4,5,0.4666666666666667,0.885,0.5327551020408163,1.9807780343587686,2.4222909777785876e-13,532.7551020408164
4,4,6,0.48333333333333334,0.885,0.5327551020408163,1.9838455416030734,2.490530151823215e-13,532.7551020408164
4,4,7,0.5,0.885,0.5327551020408163,1.986607270816407,2.557578667181233e-13,532.7551020408164
4,5,1,0.4,0.98,0.5327551020408163,1.9694995448120898,2.365325938527646e-13,532.7551020408164
4,5,2,0.4166666666666667,0.98,0.5327551020408163,1.9738899029803458,2.438317847715112e-13,532.7551020408164
4,5,3,0.43333333333333335,0.98,0.5327551020408163,1.977975168199035,2.5136354009434306e-13,532.7551020408164
4,5,4,0.45,0.98,0.5327551020408163,1.9815578448895874,2.5864088602989695e-13,532.7551020408164
4,5,5,0.4666666666666667,0.98,0.5327551020408163,1.9847062235813928,2.6579707408257897e-13,532.7551020408164
4,5,6,0.48333333333333334,0.98,0.5327551020408163,1.9877677263299947,2.7329058883125387e-13,532.7551020408164
4,5,7,0.5,0.98,0.5327551020408163,1.9905245422187776,2.8065447711274563e-13,532.7551020408164
4,6,1,0.4,1.075,0.5327551020408163,1.9723842517211219,2.569231506190662e-13,532.7551020408164
4,6,2,0.4166666666666667,1.075,0.5327551020408163,1.976769669693948,2.648685518247609e-13,532.7551020408164
4,6,3,0.43333333333333335,1.075,0.5327551020408163,1.9808501039673678,2.730646399430593e-13,532.7551020408164
4,6,4,0.45,1.075,0.5327551020408163,1.9844285683631453,2.809836066280757e-13,532.7551020408164
4,6,5,0.4666666666666667,1.075,0.5327551020408163,1.9875720737064342,2.8876547533723246e-13,532.7551020408164
4,6,6,0.48333333333333334,1.075,0.5327551020408163,1.9906300980025988,2.9691915431401894e-13,532.7551020408164
4,6,7,0.5,1.075,0.5327551020408163,1.9933827949652552,3.0491444649143326e-13,532.7551020408164
4,7,1,0.4,1.17,0.5327551020408163,1.9746767358501645,2.7806875892852885e-13,532.7551020408164
4,7,2,0.4166666666666667,1.17,0.5327551020408163,1.979057142863805,2.866729277484512e-13,532.7551020408164
4,7,3,0.43333333333333335,1.17,0.5327551020408163,1.9831328433738242,2.955477778329912e-13,532.7551020408164
4,7,4,0.45,1.17,0.5327551020408163,1.9867071422436295,3.041221472462352e-13,532.7551020408164
4,7,5,0.4666666666666667,1.17,0.5327551020408163,1.9898473071599951,3.1255221285517177e-13,532.7551020408164
4,7,6,0.48333333333333334,1.17,0.5327551020408163,1.9929016879711638,3.213800864446227e-13,532.7551020408164
4,7,7,0.5,1.17,0.5327551020408163,1.9956514824233444,3.300390991996302e-13,532.7551020408164
5,1,1,0.4,0.6,0.5436734693877551,1.9345234500606854,1.572847884123429e-13,543.6734693877551
5,1,2,0.4166666666666667,0.6,0.5436734693877551,1.9390969426722902,1.62036009836405e-13,543.6734693877551
5,1,3,0.43333333333333335,0.6,0.5436734693877551,1.9433563278241501,1.6694432471796518e-13,543.6734693877551
5,1,4,0.45,0.6,0.5436734693877551,1.9470925451064718,1.7168885131429578e-13,543.6734693877551
5,1,5,0.4666666666666667,0.6,0.5436734693877551,1.9503892259175337,1.7636857991428554e-13,543.6734693877551
5,1,6,0.48333333333333334,0.6,0.5436734693877551,1.953587300882245,1.812668312684593e-13,543.6734693877551
5,1,7,0.5,0.6,0.5436734693877551,1.9564670048709905,1.8608838798413863e-13,543.6734693877551
5,2,1,0.4,0.695,0.5436734693877551,1.9463040449629603,1.7621894389200978e-13,543.6734693877551
5,2,2,0.4166666666666667,0.695,0.5436734693877551,1.9508581068701187,1.8157804451399422e-13,543.6734693877551
5,2,3,0.43333333333333335,0.695,0.5436734693877551,1.95509807251166,1.871101997789997e-13,543.6734693877551
5,2,4,0.45,0.695,0.5436734693877551,1.9588173000214897,1.9245696825934675e-13,543.6734693877551
5,2,5,0.4666666666666667,0.695,0.5436734693877551,1.9620943988929331,1.9773121478598042e-13,543.6734693877551
5,2,6,0.48333333333333334,0.695,0.5436734693877551,1.9652780435225705,2.0324759089548583e-13,543.6734693877551
5,2,7,0.5,0.695,0.5436734693877551,1.968140118900286,2.0864525955268307e-13,543.6734693877551
5,3,1,0.4,0.7899999999999999,0.5436734693877551,1.9543604791962372,1.9626500972055783e-13,543.6734693877551
5,3,2,0.4166666666666667,0.7899999999999999,0.5436734693877551,1.958896696751448,2.0224906308610248e-13,543.6734693877551
5,3,3,0.43333333333333335,0.7899999999999999,0.5436734693877551,1.963119623235993,2.0842477601462223e-13,543.6734693877551
5,3,4,0.45,0.7899999999999999,0.5436734693877551,1.9668238016001636,2.1439244152172432e-13,543.6734693877551
5,3,5,0.4666666666666667,0.7899999999999999,0.5436734693877551,1.9700888000093022,2.2028412498898688e-13,543.6734693877551
5,3,6,0.48333333333333334,0.7899999999999999,0.5436734693877551,1.9732590639651284,2.2643939424798342e-13,543.6734693877551
5,3,7,0.5,0.7899999999999999,0.5436734693877551,1.9761111953210544,2.324681174677479e-13,543.6734693877551
5,4,1,0.4,0.885,0.5436734693877551,1.9601371011681021,2.173973663667627e-13,543.6734693877551
5,4,2,0.4166666666666667,0.885,0.5436734693877551,1.9646601075298715,2.2403363590221662e-13,543.6734693877551
5,4,3,0.43333333333333335,0.885,0.5436734693877551,1.9688708771846957,2.3088364156581985e-13,543.6734693877551
5,4,4,0.45,0.885,0.5436734693877551,1.9725644006135727,2.375023599030626e-13,543.6734693877551
5,4,5,0.4666666666666667,0.885,0.5436734693877551,1.9758187166083818,2.440248296938795e-13,543.6734693877551
5,4,6,0.48333333333333334,0.885,0.5436734693877551,1.9789793417860655,2.5084980364154907e-13,543.6734693877551
5,4,7,0.5,0.885,0.5436734693877551,1.981825488477962,2.5755622368769463e-13,543.6734693877551
5,5,1,0.4,0.98,0.5436734693877551,1.9642616348402089,2.3841694443091526e-13,543.6734693877551
5,5,2,0.4166666666666667,0.98,0.5436734693877551,1.9687756863989894,2.457040461725502e-13,543.6734693877551
5,5,3,0.43333333333333335,0.98,0.5436734693877551,1.9729780064985871,2.532252198631905e-13,543.6734693877551
5,5,4,0.45,0.98,0.5436734693877551,1.9766640879492496,2.60491845256038e-13,543.6734693877551
5,5,5,0.4666666666666667,0.98,0.5436734693877551,1.9799119472540374,2.676560026148313e-13,543.6734693877551
5,5,6,0.48333333333333334,0.98,0.5436734693877551,1.9830661444417683,2.7514821746912337e-13,543.6734693877551
5,5,7,0.5,0.98,0.5436734693877551,1.9859070077116723,2.8251127965011527e-13,543.6734693877551
5,6,1,0.4,1.075,0.5436734693877551,1.967269594505087,2.588964857883411e-13,543.6734693877551
5,6,2,0.4166666666666667,1.075,0.5436734693877551,1.971778379262568,2.668276554073203e-13,543.6734693877551
5,6,3,0.43333333333333335,1.075,0.5436734693877551,1.9759755450824739,2.7501100115294697e-13,543.6734693877551
5,6,4,0.45,1.075,0.5436734693877551,1.9796571311340654,2.8291708722979174e-13,543.6734693877551
5,6,5,0.4666666666666667,1.075,0.5436734693877551,1.9828998430415736,2.9070701877223555e-13,543.6734693877551
5,6,6,0.48333333333333334,1.075,0.5436734693877551,1.9860503108750462,2.9885785591634347e-13,543.6734693877551
5,6,7,0.5,1.075,0.5436734693877551,1.9888866892480557,3.068493616096477e-13,543.6734693877551
5,7,1,0.4,1.17,0.5436734693877551,1.9696594826150435,2.80137872516464e-13,543.6734693877551
5,7,2,0.4166666666666667,1.17,0.5436734693877551,1.9741629164798682,2.88725213643168e-13,543.6734693877551
5,7,3,0.43333333333333335,1.17,0.5436734693877551,1.9783550226225612,2.9758473987060536e-13,543.6734693877551
5,7,4,0.45,1.17,0.5436734693877551,1.9820321542353334,3.061436462532109e-13,543.6734693877551
5,7,5,0.4666666666666667,1.17,0.5436734693877551,1.9852712757805757,3.145809853567267e-13,543.6734693877551
5,7,6,0.48333333333333334,1.17,0.5436734693877551,1.9884178410165403,3.234041632285883e-13,543.6734693877551
5,7,7,0.5,1.17,0.5436734693877551,1.991251112479462,3.3205759127497945e-13,543.6734693877551
6,1,1,0.4,0.6,0.5545918367346939,1.928169369510661,1.5906809163453908e-13,554.591836734694
6,1,2,0.4166666666666667,0.6,0.5545918367346939,1.932870023972001,1.6382119467859916e-13,554.591836734694
6,1,3,0.43333333333333335,0.6,0.5545918367346939,1.9372499701673034,1.687331747833868e-13,554.591836734694
6,1,4,0.45,0.6,0.5545918367346939,1.9410927721677256,1.7348129959366194e-13,554.591836734694
6,1,5,0.4666666666666667,0.6,0.5545918367346939,1.9444920894014437,1.7817589575745747e-13,554.591836734694
6,1,6,0.48333333333333334,0.6,0.5545918367346939,1.9477859707087077,1.8308488003760134e-13,554.591836734694
6,1,7,0.5,0.6,0.5545918367346939,1.950752787386653,1.8791855502458352e-13,554.591836734694
6,2,1,0.4,0.695,0.5545918367346939,1.9404336882927555,1.7798369865143052e-13,554.591836734694
6,2,2,0.4166666666666667,0.695,0.5545918367346939,1.94511383179251,1.8334092066956266e-13,554.591836734694
6,2,3,0.43333333333333335,0.695,0.5545918367346939,1.9494732381215967,1.8887280522914203e-13,554.591836734694
6,2,4,0.45,0.695,0.5545918367346939,1.9532980589423303,1.9421927491472953e-13,554.591836734694
6,2,5,0.4666666666666667,0.695,0.5545918367346939,1.9566769056296855,1.9950731829211142e-13,554.591836734694
6,2,6,0.48333333333333334,0.695,0.5545918367346939,1.9599554238930874,2.050307941227676e-13,554.591836734694
6,2,7,0.5,0.695,0.5545918367346939,1.9629030885048127,2.1043431660524556e-13,554.591836734694
6,3,1,0.4,0.7899999999999999,0.5545918367346939,1.948820396682952,1.98056232506893e-13,554.591836734694
6,3,2,0.4166666666666667,0.7899999999999999,0.5545918367346939,1.9534815996449122,2.040346806804548e-13,554.591836734694
6,3,3,0.43333333333333335,0.7899999999999999,0.5545918367346939,1.9578228940327296,2.102063250235915e-13,554.591836734694
6,3,4,0.45,0.7899999999999999,0.5545918367346939,1.9616317061891582,2.1616990745930935e-13,554.591836734694
6,3,5,0.4666666666666667,0.7899999999999999,0.5545918367346939,1.964997600416562,2.2207321573051452e-13,554.591836734694
6,3,6,0.48333333333333334,0.7899999999999999,0.5545918367346939,1.9682618543256958,2.2823237222652145e-13,554.591836734694
6,3,7,0.5,0.7899999999999999,0.5545918367346939,1.9711989422362615,2.3426392734064416e-13,554.591836734694
6,4,1,0.4,0.885,0.5545918367346939,1.9548313940852924,2.1923557378461107e-13,554.591836734694
6,4,2,0.4166666666666667,0.885,0.5545918367346939,1.959478538936633,2.2586228082314473e-13,554.591836734694
6,4,3,0.43333333333333335,0.885,0.5545918367346939,1.9638068851511676,2.3270431512810954e-13,554.591836734694
6,4,4,0.45,0.885,0.5545918367346939,1.9676043425101628,2.3931509056771106e-13,554.591836734694
6,4,5,0.4666666666666667,0.885,0.5545918367346939,1.9709586997262225,2.4584569906413147e-13,554.591836734694
6,4,6,0.48333333333333334,0.885,0.5545918367346939,1.9742126686757682,2.526714016266139e-13,554.591836734694
6,4,7,0.5,0.885,0.5545918367346939,1.9771434905892689,2.5937922366384346e-13,554.591836734694
6,5,1,0.4,0.98,0.5545918367346939,1.959126278857191,2.403269975240121e-13,554.591836734694
6,5,2,0.4166666666666667,0.98,0.5545918367346939,1.963763894554527,2.476014357621895e-13,554.591836734694
6,5,3,0.43333333333333335,0.98,0.5545918367346939,1.9680832397574033,2.551115427196996e-13,554.591836734694
6,5,4,0.45,0.98,0.5545918367346939,1.9718727648394736,2.623671501653144e-13,554.591836734694
6,5,5,0.4666666666666667,0.98,0.5545918367346939,1.9752202445453306,2.695381440349281e-13,554.591836734694
6,5,6,0.48333333333333334,0.98,0.5545918367346939,1.97846734560256,2.770286764388232e-13,554.591836734694
6,5,7,0.5,0.98,0.5545918367346939,1.981392497636797,2.843906945600538e-13,554.591836734694
6,6,1,0.4,1.075,0.5545918367346939,1.9622599770253415,2.608939003857065e-13,554.591836734694
6,6,2,0.4166666666666667,1.075,0.5545918367346939,1.9668919891446917,2.6881020446858715e-13,554.591836734694
6,6,3,0.43333333333333335,1.075,0.5545918367346939,1.9712058460087136,2.769802640864106e-13,554.591836734694
6,6,4,0.45,1.075,0.5545918367346939,1.9749905829471848,2.848731275027796e-13,554.591836734694
6,6,5,0.4666666666666667,1.075,0.5545918367346939,1.978332637355616,2.9266991297666425e-13,554.591836734694
6,6,6,0.48333333333333334,1.075,0.5545918367346939,1.9815757481256673,3.0081745707510773e-13,554.591836734694
6,6,7,0.5,1.075,0.5545918367346939,1.9844960276250567,3.0880483721317555e-13,554.591836734694
6,7,1,0.4,1.17,0.5545918367346939,1.9647492606409094,2.8223022203490443e-13,554.591836734694
6,7,2,0.4166666666666667,1.17,0.5545918367346939,1.9693755698009732,2.908000505517498e-13,554.591836734694
6,7,3,0.43333333333333335,1.17,0.5545918367346939,1.9736840289327258,2.996436609924795e-13,554.591836734694
6,7,4,0.45,1.17,0.5545918367346939,1.9774640114694937,3.081867279999906e-13,554.591836734694
6,7,5,0.4666666666666667,1.17,0.5545918367346939,1.9808022147706015,3.1663001177433626e-13,554.591836734694
6,7,6,0.48333333333333334,1.17,0.5545918367346939,1.9840411532471276,3.254479899957943e-13,554.591836734694
6,7,7,0.5,1.17,0.5545918367346939,1.9869581134219179,3.340954529297836e-13,554.591836734694
7,1,1,0.4,0.6,0.5655102040816327,1.9218842685797555,1.608931703138679e-13,565.5102040816327
7,1,2,0.4166666666666667,0.6,0.5655102040816327,1.9267119832617383,1.6564772819089334e-13,565.5102040816327
7,1,3,0.43333333333333335,0.6,0.5655102040816327,1.9312125019741622,1.7056304809744463e-13,565.5102040816327
7,1,4,0.45,0.6,0.5655102040816327,1.9351619709112902,1.753145928632221e-13,565.5102040816327
7,1,5,0.4666666666666667,0.6,0.5655102040816327,1.9386640976871,1.8002341140389751e-13,565.5102040816327
7,1,6,0.48333333333333334,0.6,0.5655102040816327,1.9420540519358331,1.849429931992e-13,565.5102040816327
7,1,7,0.5,0.6,0.5655102040816327,1.9451083084499277,1.897888416524642e-13,565.5102040816327
7,2,1,0.4,0.695,0.5655102040816327,1.9346412457836588,1.7978313098502284e-13,565.5102040816327
7,2,2,0.4166666666666667,0.695,0.5655102040816327,1.9394473636059044,1.8513799913067557e-13,565.5102040816327
7,2,3,0.43333333333333335,0.695,0.5655102040816327,1.9439262089635012,1.9066922925264104e-13,565.5102040816327
7,2,4,0.45,0.695,0.5655102040816327,1.9478566915030822,1.960151711314459e-13,565.5102040816327
7,2,5,0.4666666666666667,0.695,0.5655102040816327,1.9513374767838154,2.0131633155015031e-13,565.5102040816327
7,2,6,0.48333333333333334,0.695,0.5655102040816327,1.9547111121530323,2.0684667351975148e-13,565.5102040816327
7,2,7,0.5,0.695,0.5655102040816327,1.9577446084336265,2.1225587582211447e-13,565.5102040816327
7,3,1,0.4,0.7899999999999999,0.5655102040816327,1.943364541223141,1.9987786721040542e-13,565.5102040816327
7,3,2,0.4166666666666667,0.7899999999999999,0.5655102040816327,1.9481505966637311,2.0585018382943812e-13,565.5102040816327
7,3,3,0.43333333333333335,0.7899999999999999,0.5655102040816327,1.9526102289628835,2.1201732178688508e-13,565.5102040816327
7,3,4,0.45,0.7899999999999999,0.5655102040816327,1.9565237162475575,2.1797654716915636e-13,565.5102040816327
7,3,5,0.4666666666666667,0.7899999999999999,0.5655102040816327,1.9599906664319806,2.2389066476781384e-13,565.5102040816327
7,3,6,0.48333333333333334,0.7899999999999999,0.5655102040816327,1.9633491251796302,2.30053402695027e-13,565.5102040816327
7,3,7,0.5,0.7899999999999999,0.5655102040816327,1.966371395361284,2.360875573401453e-13,565.5102040816327
7,4,1,0.4,0.885,0.5655102040816327,1.949614430002079,2.2110202857208816e-13,565.5102040816327
7,4,2,0.4166666666666667,0.885,0.5655102040816327,1.9543855556105916,2.277186105871596e-13,565.5102040816327
7,4,3,0.43333333333333335,0.885,0.5655102040816327,1.9588314238965903,2.3455220196921957e-13,565.5102040816327
7,4,4,0.45,0.885,0.5655102040816327,1.9627328339307217,2.411547372517777e-13,565.5102040816327
7,4,5,0.4666666666666667,0.885,0.5655102040816327,1.9661873495016062,2.4769249385617836e-13,565.5102040816327
7,4,6,0.48333333333333334,0.885,0.5655102040816327,1.9695348545537048,2.545185779446329e-13,565.5102040816327
7,4,7,0.5,0.885,0.5655102040816327,1.9725505802963075,2.612276156972375e-13,565.5102040816327
7,5,1,0.4,0.98,0.5655102040816327,1.9540830006951115,2.422635465361995e-13,565.5102040816327
7,5,2,0.4166666666666667,0.98,0.5655102040816327,1.9588440055762855,2.4952471254933213e-13,565.5102040816327
7,5,3,0.43333333333333335,0.98,0.5655102040816327,1.963280303757059,2.57023236092273e-13,565.5102040816327
7,5,4,0.45,0.98,0.5655102040816327,1.9671732748894812,2.642674954029426e-13,565.5102040816327
7,5,5,0.4666666666666667,0.98,0.5655102040816327,1.9706204790275126,2.7144422476027713e-13,565.5102040816327
7,5,6,0.48333333333333334,0.98,0.5655102040816327,1.9739606600272226,2.7893267335673754e-13,565.5102040816327
7,5,7,0.5,0.98,0.5655102040816327,1.9769703130383307,2.8629340929675993e-13,565.5102040816327
7,6,1,0.4,1.075,0.5655102040816327,1.9573449209271476,2.629161761529999e-13,565.5102040816327
7,6,2,0.4166666666666667,1.075,0.5655102040816327,1.962099975685459,2.708169477493376e-13,565.5102040816327
7,6,3,0.43333333333333335,1.075,0.5655102040816327,1.9665304410539826,2.789731472089886e-13,565.5102040816327
7,6,4,0.45,1.075,0.5655102040816327,1.9704183218950642,2.8685241382786456e-13,565.5102040816327
7,6,5,0.4666666666666667,1.075,0.5655102040816327,1.9738598196543726,2.946548829394398e-13,565.5102040816327
7,6,6,0.48333333333333334,1.075,0.5655102040816327,1.9771957394898043,3.02798665335025e-13,565.5102040816327
7,6,7,0.5,1.075,0.5655102040816327,1.980200110088987,3.1078156075941545e-13,565.5102040816327
7,7,1,0.4,1.17,0.5655102040816327,1.9599355913517615,2.843465652885679e-13,565.5102040816327
7,7,2,0.4166666666666667,1.17,0.5655102040816327,1.9646845791387915,2.928981630444204e-13,565.5102040816327
7,7,3,0.43333333333333335,1.17,0.5655102040816327,1.9691092967040087,3.017252352244598e-13,565.5102040816327
7,7,4,0.45,1.17,0.5655102040816327,1.9729921122068421,3.1025205361859755e-13,565.5102040816327
7,7,5,0.4666666666666667,1.17,0.5655102040816327,1.9764294872908423,3.186999969887327e-13,565.5102040816327
7,7,6,0.48333333333333334,1.17,0.5655102040816327,1.979760954554753,3.275122542611513e-13,565.5102040816327
7,7,7,0.5,1.17,0.5655102040816327,1.9827617854438115,3.361533512595304e-13,565.5102040816327
8,1,1,0.4,0.6,0.5764285714285714,1.915658895403997,1.6276147729734562e-13,576.4285714285714
8,1,2,0.4166666666666667,0.6,0.5764285714285714,1.9206135151685617,1.6751701625978364e-13,576.4285714285714
8,1,3,0.43333333333333335,0.6,0.5764285714285714,1.9252345691200152,1.7243530829948687e-13,576.4285714285714
8,1,4,0.45,0.6,0.5764285714285714,1.9292907457000863,1.7719005581884615e-13,576.4285714285714
8,1,5,0.4666666666666667,0.6,0.5764285714285714,1.9328958138360675,1.8191244918219288e-13,576.4285714285714
8,1,6,0.48333333333333334,0.6,0.5764285714285714,1.9363820712652322,1.8684246699479302e-13,576.4285714285714
8,1,7,0.5,0.6,0.5764285714285714,1.939524065231736,1.9170052238874768e-13,576.4285714285714
8,2,1,0.4,0.695,0.5764285714285714,1.9289174094324495,1.8161842681246446e-13,576.4285714285714
8,2,2,0.4166666666666667,0.695,0.5764285714285714,1.9338493458720103,1.8697042697250143e-13,576.4285714285714
8,2,3,0.43333333333333335,0.695,0.5764285714285714,1.9384475841388957,1.925005838677471e-13,576.4285714285714
8,2,4,0.45,0.695,0.5764285714285714,1.9424837587937756,1.978457356732959e-13,576.4285714285714
8,2,5,0.4666666666666667,0.695,0.5764285714285714,1.9460666379497695,2.0315934425872934e-13,576.4285714285714
8,2,6,0.48333333333333334,0.695,0.5764285714285714,1.949535599824197,2.0869629744866363e-13,576.4285714285714
8,2,7,0.5,0.695,0.5764285714285714,1.952655139154588,2.1411098349812407e-13,576.4285714285714
8,3,1,0.4,0.7899999999999999,0.5764285714285714,1.937983582051957,2.0173092467400427e-13,576.4285714285714
8,3,2,0.4166666666666667,0.7899999999999999,0.5764285714285714,1.94289431088867,2.0769654811538216e-13,576.4285714285714
8,3,3,0.43333333333333335,0.7899999999999999,0.5764285714285714,1.9474722085096314,2.138587099191753e-13,576.4285714285714
8,3,4,0.45,0.7899999999999999,0.5764285714285714,1.9514903756997344,2.1981327303499047e-13,576.4285714285714
8,3,5,0.4666666666666667,0.7899999999999999,0.5764285714285714,1.9550585072805753,2.2573740210484295e-13,576.4285714285714
8,3,6,0.48333333333333334,0.7899999999999999,0.5764285714285714,1.958511352621214,2.3190339651045e-13,576.4285714285714
8,3,7,0.5,0.7899999999999999,0.5764285714285714,1.961619000892248,2.3793989797458414e-13,576.4285714285714
8,4,1,0.4,0.885,0.5764285714285714,1.9444768689411218,2.2299759944190912e-13,576.4285714285714
8,4,2,0.4166666666666667,0.885,0.5764285714285714,1.9493717725321098,2.2960345886529814e-13,576.4285714285714
8,4,3,0.43333333333333335,0.885,0.5764285714285714,1.9539350667065267,2.3642810371537795e-13,576.4285714285714
8,4,4,0.45,0.885,0.5764285714285714,1.9579404122872457,2.4302206945468457e-13,576.4285714285714
8,4,5,0.4666666666666667,0.885,0.5764285714285714,1.9614951680507036,2.495660047431124e-13,576.4285714285714
8,4,6,0.48333333333333334,0.885,0.5764285714285714,1.964936368836568,2.563921039277365e-13,576.4285714285714
8,4,7,0.5,0.885,0.5764285714285714,1.9680371985813943,2.6310215156376873e-13,576.4285714285714
8,5,1,0.4,0.98,0.5764285714285714,1.9491224556371138,2.442273878351547e-13,576.4285714285714
8,5,2,0.4166666666666667,0.98,0.5764285714285714,1.9540066303841788,2.5147463864457673e-13,576.4285714285714
8,5,3,0.43333333333333335,0.98,0.5764285714285714,1.9585597682538678,2.5896103063849485e-13,576.4285714285714
8,5,4,0.45,0.98,0.5764285714285714,1.9625561523768298,2.661935794247361e-13,576.4285714285714
8,5,5,0.4666666666666667,0.98,0.5764285714285714,1.9661031501245048,2.733749698066033e-13,576.4285714285714
8,5,6,0.48333333333333334,0.98,0.5764285714285714,1.9695365546416792,2.8086091441894865e-13,576.4285714285714
8,5,7,0.5,0.98,0.5764285714285714,1.9726308924124811,2.882201102631203e-13,576.4285714285714
8,6,1,0.4,1.075,0.5764285714285714,1.9525150788194867,2.6496409136999933e-13,576.4285714285714
8,6,2,0.4166666666666667,1.075,0.5764285714285714,1.9573929475889313,2.728486307660574e-13,576.4285714285714
8,6,3,0.43333333333333335,1.075,0.5764285714285714,1.9619398981186158,2.8099036596298917e-13,576.4285714285714
8,6,4,0.45,1.075,0.5764285714285714,1.9659308806773559,2.8885563023347545e-13,576.4285714285714
8,6,5,0.4666666666666667,1.075,0.5764285714285714,1.9694718885025941,2.96662645664284e-13,576.4285714285714
8,6,6,0.48333333333333334,1.075,0.5764285714285714,1.9729007511533874,3.0480218024012215e-13,576.4285714285714
8,6,7,0.5,1.075,0.5764285714285714,1.9759893738410206,3.1278021208289163e-13,576.4285714285714
8,7,1,0.4,1.17,0.5764285714285714,1.9552091268113674,2.864876535475165e-13,576.4285714285714
8,7,2,0.4166666666666667,1.17,0.5764285714285714,1.9600805528800822,2.9502026957941925e-13,576.4285714285714
8,7,3,0.43333333333333335,1.17,0.5764285714285714,1.9646213936802432,3.038301508464016e-13,576.4285714285714
8,7,4,0.45,1.17,0.5764285714285714,1.9686069890964,3.1234027934961825e-13,576.4285714285714
8,7,5,0.4666666666666667,1.17,0.5764285714285714,1.972143591867054,3.2079163496927103e-13,576.4285714285714
8,7,6,0.48333333333333334,1.17,0.5764285714285714,1.9755677111114338,3.2959763271534664e-13,576.4285714285714
8,7,7,0.5,1.17,0.5764285714285714,1.9786525657973257,3.382319430389556e-13,576.4285714285714
9,1,1,0.4,0.6,0.5873469387755101,1.909484999274678,1.6467450522406203e-13,587.3469387755101
9,1,2,0.4166666666666667,0.6,0.5873469387755101,1.9145663158053219,1.694305025129269e-13,587.3469387755101
9,1,3,0.43333333333333335,0.6,0.5873469387755101,1.9193078192546555,1.7435135494325785e-13,587.3469387755101
9,1,4,0.45,0.6,0.5873469387755101,1.9234707029001077,1.7910904778971187e-13,587.3469387755101
9,1,5,0.4666666666666667,0.6,0.5873469387755101,1.9271788030930816,1.8384436165050547e-13,587.3469387755101
9,1,6,0.48333333333333334,0.6,0.5873469387755101,1.9307615578405932,1.8878462658003316e-13,587.3469387755101
9,1,7,0.5,0.6,0.5873469387755101,1.9339915576302331,1.9365489987754936e-13,587.3469387755101
9,2,1,0.4,0.695,0.5873469387755101,1.9232538674538482,1.8349079439654708e-13,587.3469387755101
9,2,2,0.4166666666666667,0.695,0.5873469387755101,1.9283114191767048,1.8883937231571258e-13,587.3469387755101
9,2,3,0.43333333333333335,0.695,0.5873469387755101,1.9330289604863222,1.9436800097093696e-13,587.3469387755101
9,2,4,0.45,0.695,0.5873469387755101,1.9371708202246243,1.9971206648588564e-13,587.3469387755101
9,2,5,0.4666666666666667,0.695,0.5873469387755101,1.940855913629612,2.0503746114274023e-13,587.3469387755101
9,2,6,0.48333333333333334,0.695,0.5873469387755101,1.944420377876654,2.1058074837839183e-13,587.3469387755101
9,2,7,0.5,0.695,0.5873469387755101,1.947626141024389,2.160006994186913e-13,587.3469387755101
9,3,1,0.4,0.7899999999999999,0.5873469387755101,1.9326691822534992,2.0361642862040682e-13,587.3469387755101
9,3,2,0.4166666666666667,0.7899999999999999,0.5873469387755101,1.9377043603067103,2.09574761223695e-13,587.3469387755101
9,3,3,0.43333333333333335,0.7899999999999999,0.5873469387755101,1.9424004089983384,2.15731444435741e-13,587.3469387755101
9,3,4,0.45,0.7899999999999999,0.5873469387755101,1.9465232250814808,2.2168100857658501e-13,587.3469387755101
9,3,5,0.4666666666666667,0.7899999999999999,0.5873469387755101,1.9501926295394323,2.2761436460422355e-13,587.3469387755101
9,3,6,0.48333333333333334,0.7899999999999999,0.5873469387755101,1.953740010787482,2.337832707804017e-13,587.3469387755101
9,3,7,0.5,0.7899999999999999,0.5873469387755101,1.9569332036469111,2.398218457070038e-13,587.3469387755101
9,4,1,0.4,0.885,0.5873469387755101,1.939410363444845,2.2492316431789262e-13,587.3469387755101
9,4,2,0.4166666666666667,0.885,0.5873469387755101,1.9444287984030642,2.315176682431007e-13,587.3469387755101
9,4,3,0.43333333333333335,0.885,0.5873469387755101,1.949109381652105,2.383328306510208e-13,587.3469387755101
9,4,4,0.45,0.885,0.5873469387755101,1.9532186106529663,2.4491786550518504e-13,587.3469387755101
9,4,5,0.4666666666666667,0.885,0.5873469387755101,1.9568736539637506,2.514670267746974e-13,587.3469387755101
9,4,6,0.48333333333333334,0.885,0.5873469387755101,1.9604086781922268,2.582927550116938e-13,587.3469387755101
9,4,7,0.5,0.885,0.5873469387755101,1.96359478435359,2.6500358722954464e-13,587.3469387755101
9,5,1,0.4,0.98,0.5873469387755101,1.9442362906878996,2.4621932239213803e-13,587.3469387755101
9,5,2,0.4166666666666667,0.98,0.5873469387755101,1.9492433729117202,2.534519807431112e-13,587.3469387755101
9,5,3,0.43333333333333335,0.98,0.5873469387755101,1.953913197161811,2.609256615935871e-13,587.3469387755101
9,5,4,0.45,0.98,0.5873469387755101,1.9580129266790767,2.6814610568796924e-13,587.3469387755101
9,5,5,0.4666666666666667,0.98,0.5873469387755101,1.9616597532355606,2.753311044784776e-13,587.3469387755101
9,5,6,0.48333333333333334,0.98,0.5873469387755101,1.9651864931774878,2.8281410599820356e-13,587.3469387755101
9,5,7,0.5,0.98,0.5873469387755101,1.9683656717782816,2.901714842887332e-13,587.3469387755101
9,6,1,0.4,1.075,0.5873469387755101,1.947762094525587,2.6703842283929715e-13,587.3469387755101
9,6,2,0.4166666666666667,1.075,0.5873469387755101,1.9527625061232043,2.749059976490152e-13,587.3469387755101
9,6,3,0.43333333333333335,1.075,0.5873469387755101,1.957425778862304,2.8303263448258135e-13,587.3469387755101
9,6,4,0.45,1.075,0.5873469387755101,1.961519786737955,2.9088345996059086e-13,587.3469387755101
9,6,5,0.4666666666666667,1.075,0.5873469387755101,1.965160338134414,2.986939123003332e-13,587.3469387755101
9,6,6,0.48333333333333334,1.075,0.5873469387755101,1.9686822458356148,3.068286953819892e-13,587.3469387755101
9,6,7,0.5,1.075,0.5873469387755101,1.9718552533509397,3.1480146533016153e-13,587.3469387755101
9,7,1,0.4,1.17,0.5873469387755101,1.9505615099590135,2.8865423356770445e-13,587.3469387755101
9,7,2,0.4166666666666667,1.17,0.5873469387755101,1.9555550916784186,2.971670843703875e-13,587.3469387755101
9,7,3,0.43333333333333335,1.17,0.5873469387755101,1.9602118811041536,3.059590921312491e-13,587.3469387755101
9,7,4,0.45,1.17,0.5873469387755101,1.964300169301539,3.1445205812222347e-13,587.3469387755101
9,7,5,0.4666666666666667,1.17,0.5873469387755101,1.9679360224902873,3.2290561097317204e-13,587.3469387755101
9,7,6,0.48333333333333334,1.17,0.5873469387755101,1.9714528854428224,3.317047933376064e-13,587.3469387755101
9,7,7,0.5,1.17,0.5873469387755101,1.9746218888454663,3.403318767142347e-13,587.3469387755101
10,1,1,0.4,0.6,0.598265306122449,1.903355211230434,1.6663378903804378e-13,598.265306122449
10,1,2,0.4166666666666667,0.6,0.598265306122449,1.9085629632717895,1.713896706108857e-13,598.265306122449
10,1,3,0.43333333333333335,0.6,0.598265306122449,1.9134247822241008,1.7631262559688095e-13,598.265306122449
10,1,4,0.45,0.6,0.598265306122449,1.9176943312374262,1.810729646548764e-13,598.265306122449
10,1,5,0.4666666666666667,0.6,0.598265306122449,1.9215055131839853,1.8582053367900515e-13,598.265306122449
10,1,6,0.48333333333333334,0.6,0.598265306122449,1.9251849234891765,1.9077082798001588e-13,598.265306122449
10,1,7,0.5,0.6,0.598265306122449,1.9285031684650964,1.9565330672344394e-13,598.265306122449
10,2,1,0.4,0.695,0.598265306122449,1.9176431845965203,1.8540146661589057e-13,598.265306122449
10,2,2,0.4166666666666667,0.695,0.598265306122449,1.9228261013784105,1.907460264398141e-13,598.265306122449
10,2,3,0.43333333333333335,0.695,0.598265306122449,1.9276628127712652,1.962726343145856e-13,598.265306122449
10,2,4,0.45,0.695,0.598265306122449,1.9319103136690416,2.0161528253561296e-13,598.265306122449
10,2,5,0.4666666666666667,0.695,0.598265306122449,1.9356977073337152,2.0695180406420075e-13,598.265306122449
10,2,6,0.48333333333333334,0.695,0.598265306122449,1.9393578167877379,2.1250112490788954e-13,598.265306122449
10,2,7,0.5,0.695,0.598265306122449,1.9426499543126252,2.179260987816845e-13,598.265306122449
10,3,1,0.4,0.7899999999999999,0.598265306122449,1.9274138789462203,2.0553541764478371e-13,598.265306122449
10,3,2,0.4166666666666667,0.7899999999999999,0.598265306122449,1.932573237939826,2.1148582479615103e-13,598.265306122449
10,3,3,0.43333333333333335,0.7899999999999999,0.598265306122449,1.9373872826768308,2.1763649348769352e-13,598.265306122449
10,3,4,0.45,0.7899999999999999,0.598265306122449,1.9416146815816013,2.2358069005683265e-13,598.265306122449
10,3,5,0.4666666666666667,0.7899999999999999,0.598265306122449,1.945385417144496,2.2952249792689393e-13,598.265306122449
10,3,6,0.48333333333333334,0.7899999999999999,0.598265306122449,1.9490274518302029,2.356939507266139e-13,598.265306122449
10,3,7,0.5,0.7899999999999999,0.598265306122449,1.952306327007855,2.417343047249603e-13,598.265306122449
10,4,1,0.4,0.885,0.598265306122449,1.934407438697434,2.2687961191201248e-13,598.265306122449
10,4,2,0.4166666666666667,0.885,0.598265306122449,1.9395491157180658,2.334620916527798e-13,598.265306122449
10,4,3,0.43333333333333335,0.885,0.598265306122449,1.9443468116178715,2.402672030262403e-13,598.265306122449
10,4,4,0.45,0.885,0.598265306122449,1.9485598377559217,2.468429137287438e-13,598.265306122449
10,4,5,0.4666666666666667,0.885,0.598265306122449,1.952315182267898,2.533963609210594e-13,598.265306122449
10,4,6,0.48333333333333334,0.885,0.598265306122449,1.9559441264714958,2.6022131219529575e-13,598.265306122449
10,4,7,0.5,0.885,0.598265306122449,1.9592156543547063,2.6693268420833087e-13,598.265306122449
10,5,1,0.4,0.98,0.598265306122449,1.9394170246593578,2.4824015730850225e-13,598.265306122449
10,5,2,0.4166666666666667,0.98,0.598265306122449,1.9445467101442164,2.5545751150744116e-13,598.265306122449
10,5,3,0.43333333333333335,0.98,0.598265306122449,1.9493330285504482,2.6291787002952283e-13,598.265306122449
10,5,4,0.45,0.98,0.598265306122449,1.9535360022398989,2.701257837672261e-13,598.265306122449
10,5,5,0.4666666666666667,0.98,0.598265306122449,1.9572826596730108,2.773133559135574e-13,598.265306122449
10,5,6,0.48333333333333334,0.98,0.598265306122449,1.9609028160806115,2.847929561042212e-13,598.265306122449
10,5,7,0.5,0.98,0.598265306122449,1.9641669645624973,2.9214821998458085e-13,598.265306122449
10,6,1,0.4,1.075,0.598265306122449,1.9430784831474097,2.691399476971872e-13,598.265306122449
10,6,2,0.4166666666666667,1.075,0.598265306122449,1.9482011251395377,2.7698979281959836e-13,598.265306122449
10,6,3,0.43333333333333335,1.075,0.598265306122449,1.9529805186847635,2.8510066715848107e-13,598.265306122449
10,6,4,0.45,1.075,0.598265306122449,1.9571774422155206,2.929365868913755e-13,598.265306122449
10,6,5,0.4666666666666667,1.075,0.598265306122449,1.9609175383768205,3.0074939005769784e-13,598.265306122449
10,6,6,0.48333333333333334,1.075,0.598265306122449,1.9645325626847754,3.088789002419135e-13,598.265306122449
10,6,7,0.5,1.075,0.598265306122449,1.9677900602303962,3.1684599070144374e-13,598.265306122449
10,7,1,0.4,1.17,0.598265306122449,1.945985254658597,2.908470494258832e-13,598.265306122449
10,7,2,0.4166666666666667,1.17,0.598265306122449,1.9511006684593108,2.9933931908323007e-13,598.265306122449
10,7,3,0.43333333333333335,1.17,0.598265306122449,1.955873193685329,3.08112740925521e-13,598.265306122449
10,7,4,0.45,1.17,0.598265306122449,1.9600640544388566,3.1658804099153345e-13,598.265306122449
10,7,5,0.4666666666666667,1.17,0.598265306122449,1.9637991485297217,3.2504260351688957e-13,598.265306122449
10,7,6,0.48333333333333334,1.17,0.598265306122449,1.9674088163142898,3.338343972908212e-13,598.265306122449
10,7,7,0.5,1.17,0.598265306122449,1.9706620659263594,3.4245379419200706e-13,598.265306122449
11,1,1,0.4,0.6,0.6091836734693877,1.8972629413205275,1.686409085101447e-13,609.1836734693877
11,1,2,0.4166666666666667,0.6,0.6091836734693877,1.9025968148255938,1.7339604654471925e-13,609.1836734693877
11,1,3,0.43333333333333335,0.6,0.6091836734693877,1.9075787671605615,1.7832059794570812e-13,609.1836734693877
11,1,4,0.45,0.6,0.6091836734693877,1.9119548988220936,1.8308324076320729e-13,609.1836734693877
11,1,5,0.4666666666666667,0.6,0.6091836734693877,1.9158691712792189,1.8784238449155716e-13,609.1836734693877
11,1,6,0.48333333333333334,0.6,0.6091836734693877,1.9196453596280565,1.9280246000341054e-13,609.1836734693877
11,1,7,0.5,0.6,0.6091836734693877,1.9230520603356822,1.9769710729088553e-13,609.1836734693877
11,2,1,0.4,0.695,0.6091836734693877,1.912078699115783,1.8735170316637173e-13,609.1836734693877
11,2,2,0.4166666666666667,0.695,0.6091836734693877,1.9173866845127754,1.9269160582644026e-13,609.1836734693877
11,2,3,0.43333333333333335,0.695,0.6091836734693877,1.9223423905318793,1.9821566141507223e-13,609.1836734693877
11,2,4,0.45,0.695,0.6091836734693877,1.9266954522616655,2.0355652558252355e-13,609.1836734693877
11,2,5,0.4666666666666667,0.695,0.6091836734693877,1.9305851983358286,2.0890351402032743e-13,609.1836734693877
11,2,6,0.48333333333333334,0.695,0.6091836734693877,1.934341063255261,2.1445854367805139e-13,609.1836734693877
11,2,7,0.5,0.695,0.6091836734693877,1.9377196958797775,2.198882740115003e-13,609.1836734693877
11,3,1,0.4,0.7899999999999999,0.6091836734693877,1.922210980119608,2.0748894711354766e-13,609.1836734693877
11,3,2,0.4166666666666667,0.7899999999999999,0.6091836734693877,1.9274942086250495,2.1343075619523234e-13,609.1836734693877
11,3,3,0.43333333333333335,0.7899999999999999,0.6091836734693877,1.9324260544466683,2.19574840011804e-13,609.1836734693877
11,3,4,0.45,0.7899999999999999,0.6091836734693877,1.9367579357341942,2.2551326800982197e-13,609.1836734693877
11,3,5,0.4666666666666667,0.7899999999999999,0.6091836734693877,1.9406300280475715,2.3146275834176284e-13,609.1836734693877
11,3,6,0.48333333333333334,0.7899999999999999,0.6091836734693877,1.944366802538243,2.376363714218497e-13,609.1836734693877
11,3,7,0.5,0.7899999999999999,0.6091836734693877,1.9477314695158547,2.4367818858992677e-13,609.1836734693877
11,4,1,0.4,0.885,0.6091836734693877,1.929461389295025,2.2886784322272707e-13,609.1836734693877
11,4,2,0.4166666666666667,0.885,0.6091836734693877,1.934725977483924,2.354375937356736e-13,609.1836734693877
11,4,3,0.43333333333333335,0.885,0.6091836734693877,1.9396405709778632,2.422320523018415e-13,609.1836734693877
11,4,4,0.45,0.885,0.6091836734693877,1.9439572746204967,2.4879801356278555e-13,609.1836734693877
11,4,5,0.4666666666666667,0.885,0.6091836734693877,1.947812901037675,2.5535481550880977e-13,609.1836734693877
11,4,6,0.48333333333333334,0.885,0.6091836734693877,1.9515358312876356,2.621785633987547e-13,609.1836734693877
11,4,7,0.5,0.885,0.6091836734693877,1.9548928997131594,2.688902108275985e-13,609.1836734693877
11,5,1,0.4,0.98,0.6091836734693877,1.9346579449026602,2.5029070724650135e-13,609.1836734693877
11,5,2,0.4166666666666667,0.98,0.6091836734693877,1.9399098888035986,2.574920108654204e-13,609.1836734693877
11,5,3,0.43333333333333335,0.98,0.6091836734693877,1.9448124712894108,2.649384040384348e-13,609.1836734693877
11,5,4,0.45,0.98,0.6091836734693877,1.9491185551817285,2.7213333040661114e-13,609.1836734693877
11,5,5,0.4666666666666667,0.98,0.6091836734693877,1.9529650132462244,2.793224545024149e-13,609.1836734693877
11,5,6,0.48333333333333334,0.98,0.6091836734693877,1.9566786370666192,2.8679817572739484e-13,609.1836734693877
11,5,7,0.5,0.98,0.6091836734693877,1.9600278581309845,2.941510089921593e-13,609.1836734693877
11,6,1,0.4,1.075,0.6091836734693877,1.938457527775468,2.7126944507671525e-13,609.1836734693877
11,6,2,0.4166666666666667,1.075,0.6091836734693877,1.9437020477370313,2.791007625307935e-13,609.1836734693877
11,6,3,0.43333333333333335,1.075,0.6091836734693877,1.9485973233520146,2.8719518007447434e-13,609.1836734693877
11,6,4,0.45,1.075,0.6091836734693877,1.9528970205394478,2.9501569686159843e-13,609.1836734693877
11,6,5,0.4666666666666667,1.075,0.6091836734693877,1.9567366312183572,3.028297839397185e-13,609.1836734693877
11,6,6,0.48333333333333334,1.075,0.6091836734693877,1.9604448138195445,3.109534818569576e-13,609.1836734693877
11,6,7,0.5,1.075,0.6091836734693877,1.9637868797516902,3.1891445602690685e-13,609.1836734693877
11,7,1,0.4,1.17,0.6091836734693877,1.94147364239241,2.930668441956732e-13,609.1836734693877
11,7,2,0.4166666666666667,1.17,0.6091836734693877,1.9467105250703216,3.015376843868026e-13,609.1836734693877
11,7,3,0.43333333333333335,1.17,0.6091836734693877,1.9515985362132109,3.1029177809366316e-13,609.1836734693877
11,7,4,0.45,1.17,0.6091836734693877,1.9558918171619433,3.1874887845339524e-13,609.1836734693877
11,7,5,0.4666666666666667,1.17,0.6091836734693877,1.959726111290155,3.272032861523456e-13,609.1836734693877
11,7,6,0.48333333333333334,1.17,0.6091836734693877,1.9634286152619378,3.35987100629922e-13,609.1836734693877
11,7,7,0.5,1.17,0.6091836734693877,1.9667661818625382,3.4459833245373546e-13,609.1836734693877
12,1,1,0.4,0.6,0.6201020408163265,1.8912022899340495,1.7069749078364158e-13,620.1020408163265
12,1,2,0.4166666666666667,0.6,0.6201020408163265,1.8966619181177362,1.7545120095205943e-13,620.1020408163265
12,1,3,0.43333333333333335,0.6,0.6201020408163265,1.9017637736356323,1.803767919090298e-13,620.1020408163265
12,1,4,0.45,0.6,0.6201020408163265,1.9062463642338574,1.8514135086600613e-13,620.1020408163265
12,1,5,0.4666666666666667,0.6,0.6201020408163265,1.9102636950178444,1.899113696808343e-13,620.1020408163265
12,1,6,0.48333333333333334,0.6,0.6201020408163265,1.9141367482300997,1.948809461283019e-13,620.1020408163265
12,1,7,0.5,0.6,0.6201020408163265,1.9176320865382293,1.9978769947726102e-13,620.1020408163265
12,2,1,0.4,0.695,0.6201020408163265,1.9065544337975389,1.8934279271041747e-13,620.1020408163265
12,2,2,0.4166666666666667,0.695,0.6201020408163265,1.9119871457482536,1.9467735415028966e-13,620.1020408163265
12,2,3,0.43333333333333335,0.695,0.6201020408163265,1.9170616289750815,2.001982854078726e-13,620.1020408163265
12,2,4,0.45,0.695,0.6201020408163265,1.9215201352463072,2.0553696190230517e-13,620.1020408163265
12,2,5,0.4666666666666667,0.695,0.6201020408163265,1.9255122524775277,2.1089375305024082e-13,620.1020408163265
12,2,6,0.48333333333333334,0.695,0.6201020408163265,1.9293639509599483,2.1645414119254162e-13,620.1020408163265
12,2,7,0.5,0.695,0.6201020408163265,1.9328291699042628,2.2188833648462073e-13,620.1020408163265
12,3,1,0.4,0.7899999999999999,0.6201020408163265,1.9170544755166032,2.0947809098762885e-13,620.1020408163265
12,3,2,0.4166666666666667,0.7899999999999999,0.6201020408163265,1.92246121984028,2.154105901963313e-13,620.1020408163265
12,3,3,0.43333333333333335,0.7899999999999999,0.6201020408163265,1.9275106326401361,2.2154748331059545e-13,620.1020408163265
12,3,4,0.45,0.7899999999999999,0.6201020408163265,1.9319468621563356,2.2747970870422457e-13,620.1020408163265
12,3,5,0.4666666666666667,0.7899999999999999,0.6201020408163265,1.9359203049185862,2.3343611442668943e-13,620.1020408163265
12,3,6,0.48333333333333334,0.7899999999999999,0.6201020408163265,1.939751875005166,2.3961147942059165e-13,620.1020408163265
12,3,7,0.5,0.7899999999999999,0.6201020408163265,1.94320241550869,2.4565442178525373e-13,620.1020408163265
12,4,1,0.4,0.885,0.6201020408163265,1.9245661900584432,2.3088877296876863e-13,620.1020408163265
12,4,2,0.4166666666666667,0.885,0.6201020408163265,1.9299533179819757,2.3744505214732955e-13,620.1020408163265
12,4,3,0.43333333333333335,0.885,0.6201020408163265,1.9349845563145989,2.4422822234286136e-13,620.1020408163265
12,4,4,0.45,0.885,0.6201020408163265,1.9394047852517793,2.507839766289049e-13,620.1020408163265
12,4,5,0.4666666666666667,0.885,0.6201020408163265,1.9433606420481608,2.573432075665558e-13,620.1020408163265
12,4,6,0.48333333333333334,0.885,0.6201020408163265,1.9471775946388388,2.641653047366609e-13,620.1020408163265
12,4,7,0.5,0.885,0.6201020408163265,1.9506202965407993,2.7087694341705986e-13,620.1020408163265
12,5,1,0.4,0.98,0.6201020408163265,1.929953018081375,2.5237179577971436e-13,620.1020408163265
12,5,2,0.4166666666666667,0.98,0.6201020408163265,1.9353268360746152,2.595562672369117e-13,620.1020408163265
12,5,3,0.43333333333333335,0.98,0.6201020408163265,1.9403454157344457,2.6698801985203664e-13,620.1020408163265
12,5,4,0.45,0.98,0.6201020408163265,1.9447544439597853,2.741694705181545e-13,620.1020408163265
12,5,5,0.4666666666666667,0.98,0.6201020408163265,1.9487006408868914,2.813591352025297e-13,620.1020408163265
12,5,6,0.48333333333333334,0.98,0.6201020408163265,1.9525077537175146,2.88830480082977e-13,620.1020408163265
12,5,7,0.5,0.98,0.6201020408163265,1.955942124361885,2.9618054714227145e-13,620.1020408163265
12,6,1,0.4,1.075,0.6201020408163265,1.933893190238599,2.7342769764504937e-13,620.1020408163265
12,6,2,0.4166666666666667,1.075,0.6201020408163265,1.9392591969676567,2.81239656291124e-13,620.1020408163265
12,6,3,0.43333333333333335,1.075,0.6201020408163265,1.9442700796631773,2.893168923345743e-13,620.1020408163265
12,6,4,0.45,1.075,0.6201020408163265,1.9486723770663208,2.971214788738669e-13,620.1020408163265
12,6,5,0.4666666666666667,1.075,0.6201020408163265,1.952611441418265,3.049357983186848e-13,620.1020408163265
12,6,6,0.48333333333333334,1.075,0.6201020408163265,1.956412794911022,3.130531263354001e-13,620.1020408163265
12,6,7,0.5,1.075,0.6201020408163265,1.9598394814074491,3.2100752820121936e-13,620.1020408163265
12,7,1,0.4,1.17,0.6201020408163265,1.9370206329944275,2.953143614875214e-13,620.1020408163265
12,7,2,0.4166666666666667,1.17,0.6201020408163265,1.942378582971014,3.0376289137806203e-13,620.1020408163265
12,7,3,0.43333333333333335,1.17,0.6201020408163265,1.9473817942101384,3.124968848453117e-13,620.1020408163265
12,7,4,0.45,1.17,0.6201020408163265,1.9517773117852042,3.2093522165362575e-13,620.1020408163265
12,7,5,0.4666666666666667,1.17,0.6201020408163265,1.9557107346095444,3.293883290756745e-13,620.1020408163265
12,7,6,0.48333333333333334,1.17,0.6201020408163265,1.9595060771639412,3.3816355584959927e-13,620.1020408163265
12,7,7,0.5,1.17,0.6201020408163265,1.9629280055107672,3.4676612501947947e-13,620.1020408163265
13,1,1,0.4,0.6,0.6310204081632653,1.885167971043211,1.7280521295734037e-13,631.0204081632653
13,1,2,0.4166666666666667,0.6,0.6310204081632653,1.8907529343409113,1.7755675146353556e-13,631.0204081632653
13,1,3,0.43333333333333335,0.6,0.6310204081632653,1.8959744147249342,1.8248277178093918e-13,631.0204081632653
13,1,4,0.45,0.6,0.6310204081632653,1.9005632995181043,1.8724881207105009e-13,631.0204081632653
13,1,5,0.4666666666666667,0.6,0.6310204081632653,1.9046836154405975,1.9202898320948016e-13,631.0204081632653
13,1,6,0.48333333333333334,0.6,0.6310204081632653,1.9086535846981871,1.97007746371185e-13,631.0204081632653
13,1,7,0.5,0.6,0.6310204081632653,1.9122377138904483,2.0192651646982824e-13,631.0204081632653
13,2,1,0.4,0.695,0.6310204081632653,1.9010650188812226,1.913760549909817e-13,631.0204081632653
13,2,2,0.4166666666666667,0.695,0.6310204081632653,1.9066220702405052,1.9670454423318264e-13,631.0204081632653
13,2,3,0.43333333333333335,0.695,0.6310204081632653,1.9118150717711706,2.0222173686408566e-13,631.0204081632653
13,2,4,0.45,0.695,0.6310204081632653,1.916378870721936,2.0755778397070907e-13,631.0204081632653
13,2,5,0.4666666666666667,0.695,0.6310204081632653,1.9204733448702929,2.1292370606869314e-13,631.0204081632653
13,2,6,0.48333333333333334,0.695,0.6310204081632653,1.9244209232254057,2.18489075565145e-13,631.0204081632653
13,2,7,0.5,0.695,0.6310204081632653,1.9279727905067954,2.2392741818317477e-13,631.0204081632653
13,3,1,0.4,0.7899999999999999,0.6310204081632653,1.9119389594093925,2.1150394358618695e-13,631.0204081632653
13,3,2,0.4166666666666667,0.7899999999999999,0.6310204081632653,1.9174688244238063,2.1742638062244953e-13,631.0204081632653
13,3,3,0.43333333333333335,0.7899999999999999,0.6310204081632653,1.9226355316909352,2.235554405763183e-13,631.0204081632653
13,3,4,0.45,0.7899999999999999,0.6310204081632653,1.927175942179415,2.2948099555438764e-13,631.0204081632653
13,3,5,0.4666666666666667,0.7899999999999999,0.6310204081632653,1.931250697741262,2.3544354867908983e-13,631.0204081632653
13,3,6,0.48333333333333334,0.7899999999999999,0.6310204081632653,1.9351770891905589,2.416202343008803e-13,631.0204081632653
13,3,7,0.5,0.7899999999999999,0.6310204081632653,1.9387135576535224,2.4766394117896047e-13,631.0204081632653
13,4,1,0.4,0.885,0.6310204081632653,1.9197164187364648,2.3294333097067727e-13,631.0204081632653
13,4,2,0.4166666666666667,0.885,0.6310204081632653,1.9252256754213448,2.3948535881592493e-13,631.0204081632653
13,4,3,0.43333333333333335,0.885,0.6310204081632653,1.9303732690292081,2.4625657056999873e-13,631.0204081632653
13,4,4,0.45,0.885,0.6310204081632653,1.9348968392110664,2.528016277699932e-13,631.0204081632653
13,4,5,0.4666666666666667,0.885,0.6310204081632653,1.9389528433192738,2.5936236409426367e-13,631.0204081632653
13,4,6,0.48333333333333334,0.885,0.6310204081632653,1.942863825422067,2.6618234171885606e-13,631.0204081632653
13,4,7,0.5,0.885,0.6310204081632653,1.9463922284213238,2.7289366743159043e-13,631.0204081632653
13,5,1,0.4,0.98,0.6310204081632653,1.9252968128334953,2.544842566762954e-13,631.0204081632653
13,5,2,0.4166666666666667,0.98,0.6310204081632653,1.930792082220483,2.6165107870060726e-13,631.0204081632653
13,5,3,0.43333333333333335,0.98,0.6310204081632653,1.9359263563031488,2.690674829072434e-13,631.0204081632653
13,5,4,0.45,0.98,0.6310204081632653,1.9404381319059396,2.7623493813496154e-13,631.0204081632653
13,5,5,0.4666666666666667,0.98,0.6310204081632653,1.9444839751641942,2.8342413876225796e-13,631.0204081632653
13,5,6,0.48333333333333334,0.98,0.6310204081632653,1.9483845699687412,2.9089058977033767e-13,631.0204081632653
13,5,7,0.5,0.98,0.6310204081632653,1.9519041421091308,2.9823753553652424e-13,631.0204081632653
13,6,1,0.4,1.075,0.6310204081632653,1.9293800337417497,2.7561549303408206e-13,631.0204081632653
13,6,2,0.4166666666666667,1.075,0.6310204081632653,1.934867098429813,2.834072281893361e-13,631.0204081632653
13,6,3,0.43333333333333335,1.075,0.6310204081632653,1.9399932780061444,2.914665272969237e-13,631.0204081632653
13,6,4,0.45,1.075,0.6310204081632653,1.9444979716053596,2.9925462622620075e-13,631.0204081632653
13,6,5,0.4666666666666667,1.075,0.6310204081632653,1.948536399004667,3.0706813837767287e-13,631.0204081632653
13,6,6,0.48333333333333334,1.075,0.6310204081632653,1.9524309076541813,3.1517852024305164e-13,631.0204081632653
13,6,7,0.5,1.075,0.6310204081632653,1.955942241359941,3.2312587449638903e-13,631.0204081632653
13,7,1,0.4,1.17,0.6310204081632653,1.9326207872710002,2.975903468720729e-13,631.0204081632653
13,7,2,0.4166666666666667,1.17,0.6310204081632653,1.9380993658109655,3.0601565289945203e-13,631.0204081632653
13,7,3,0.43333333333333335,1.17,0.6310204081632653,1.943217456472766,3.147287439618542e-13,631.0204081632653
13,7,4,0.45,1.17,0.6310204081632653,1.9477149967961773,3.231477235064229e-13,631.0204081632653
13,7,5,0.4666666666666667,1.17,0.6310204081632653,1.9517474473450829,3.315984005919672e-13,631.0204081632653
13,7,6,0.48333333333333334,1.17,0.6310204081632653,1.9556356027008759,3.403644132936088e-13,631.0204081632653
13,7,7,0.5,1.17,0.6310204081632653,1.9591419122010048,3.489578032817056e-13,631.0204081632653
14,1,1,0.4,0.6,0.6419387755102041,1.8791552455761538,1.749658047193882e-13,641.9387755102041
14,1,2,0.4166666666666667,0.6,0.6419387755102041,1.8848650715060011,1.79714365090847e-13,641.9387755102041
14,1,3,0.43333333333333335,0.6,0.6419387755102041,1.8902058501996215,1.8464014840511828e-13,641.9387755102041
14,1,4,0.45,0.6,0.6419387755102041,1.8949008233073659,1.8940718582632967e-13,641.9387755102041
14,1,5,0.4666666666666667,0.6,0.6419387755102041,1.8991240100473454,1.9419675940870533e-13,641.9387755102041
14,1,6,0.48333333333333334,0.6,0.6419387755102041,1.903190910863055,1.9918435914943236e-13,641.9387755102041
14,1,7,0.5,0.6,0.6419387755102041,1.9068639556789637,2.04115028495774e-13,641.9387755102041
14,2,1,0.4,0.695,0.6419387755102041,1.8956056250967694,1.9345284292512973e-13,641.9387755102041
14,2,2,0.4166666666666667,0.695,0.6419387755102041,1.901286584100652,1.9877447997490796e-13,641.9387755102041
14,2,3,0.43333333333333335,0.695,0.6419387755102041,1.9065978039619944,2.0428727558110061e-13,641.9387755102041
14,2,4,0.45,0.695,0.6419387755102041,1.9112667085018606,2.09620212122069e-13,641.9387755102041
14,2,5,0.4666666666666667,0.695,0.6419387755102041,1.9154634927103653,2.1499458264270782e-13,641.9387755102041
14,2,6,0.48333333333333334,0.695,0.6419387755102041,1.919506965790895,2.2056452820877873e-13,641.9387755102041
14,2,7,0.5,0.695,0.6419387755102041,1.9231455144873881,2.2600667329074947e-13,641.9387755102041
14,3,1,0.4,0.7899999999999999,0.6419387755102041,1.9068595634835346,2.135676213047067e-13,641.9387755102041
14,3,2,0.4166666666666667,0.7899999999999999,0.6419387755102041,1.9125121134023422,2.1947920193418219e-13,641.9387755102041
14,3,3,0.43333333333333335,0.7899999999999999,0.6419387755102041,1.9177958049135508,2.2559974837067672e-13,641.9387755102041
14,3,4,0.45,0.7899999999999999,0.6419387755102041,1.9224401965890818,2.3151813048996015e-13,641.9387755102041
14,3,5,0.4666666666666667,0.7899999999999999,0.6419387755102041,1.926616196517402,2.374860590518678e-13,641.9387755102041
14,3,6,0.48333333333333334,0.7899999999999999,0.6419387755102041,1.9306374055901177,2.4366361013229416e-13,641.9387755102041
14,3,7,0.5,0.7899999999999999,0.6419387755102041,1.9342598295882252,2.4970769741536087e-13,641.9387755102041
14,4,1,0.4,0.885,0.6419387755102041,1.9149071888144058,2.35032463490852e-13,641.9387755102041
14,4,2,0.4166666666666667,0.885,0.6419387755102041,1.9205381246979918,2.4155942116342343e-13,641.9387755102041
14,4,3,0.43333333333333335,0.885,0.6419387755102041,1.9258017480576157,2.4831796907725084e-13,641.9387755102041
14,4,4,0.45,0.885,0.6419387755102041,1.9304284442975577,2.5485180605927287e-13,641.9387755102041
14,4,5,0.4666666666666667,0.885,0.6419387755102041,1.9345844817662834,2.6141312326895764e-13,641.9387755102041
14,4,6,0.48333333333333334,0.885,0.6419387755102041,1.9385894720535057,2.682304903907289e-13,641.9387755102041
14,4,7,0.5,0.885,0.6419387755102041,1.9422036190054506,2.7494117851886077e-13,641.9387755102041
14,5,1,0.4,0.98,0.6419387755102041,1.9206844325373467,2.5662893512650614e-13,641.9387755102041
14,5,2,0.4166666666666667,0.98,0.6419387755102041,1.9263006933029263,2.637772541110067e-13,641.9387755102041
14,5,3,0.43333333333333335,0.98,0.6419387755102041,1.931550324155494,2.711775688668258e-13,641.9387755102041
14,5,4,0.45,0.98,0.6419387755102041,1.9361646198775233,2.7833047732656155e-13,641.9387755102041
14,5,5,0.4666666666666667,0.98,0.6419387755102041,1.9403099869050098,2.855182128683555e-13,641.9387755102041
14,5,6,0.48333333333333334,0.98,0.6419387755102041,1.9443040287016502,2.929792318598218e-13,641.9387755102041
14,5,7,0.5,0.98,0.6419387755102041,1.947908829771697,3.0032268156275057e-13,641.9387755102041
14,6,1,0.4,1.075,0.6419387755102041,1.9249131556066275,2.7783362518048154e-13,641.9387755102041
14,6,2,0.4166666666666667,1.075,0.6419387755102041,1.9305208129653788,2.8560423813467355e-13,641.9387755102041
14,6,3,0.43333333333333335,1.075,0.6419387755102041,1.935761945017098,2.936448137282014e-13,641.9387755102041
14,6,4,0.45,1.075,0.6419387755102041,1.9403688010479418,3.014158375684478e-13,641.9387755102041
14,6,5,0.4666666666666667,1.075,0.6419387755102041,1.944506471877011,3.0922751143776086e-13,641.9387755102041
14,6,6,0.48333333333333334,1.075,0.6419387755102041,1.9484940923439888,3.1733035187877963e-13,641.9387755102041
14,6,7,0.5,1.075,0.6419387755102041,1.952090074995292,3.252701637699865e-13,641.9387755102041
14,7,1,0.4,1.17,0.6419387755102041,1.9282691997240127,2.9989554920358503e-13,641.9387755102041
14,7,2,0.4166666666666667,1.17,0.6419387755102041,1.9338679321107899,3.0829668476366065e-13,641.9387755102041
14,7,3,0.43333333333333335,1.17,0.6419387755102041,1.9391005477169592,3.169880409362976e-13,641.9387755102041
14,7,4,0.45,1.17,0.6419387755102041,1.9436998674715593,3.2538703973454113e-13,641.9387755102041
14,7,5,0.4666666666666667,1.17,0.6419387755102041,1.9478312159632007,3.338341684559524e-13,641.9387755102041
14,7,6,0.48333333333333334,1.17,0.6419387755102041,1.951812130920323,3.425903224446003e-13,641.9387755102041
14,7,7,0.5,1.17,0.6419387755102041,1.9554028162799841,3.5117399772666513e-13,641.9387755102041
15,1,1,0.4,0.6,0.6528571428571428,1.873159863432668,1.7718105104469232e-13,652.8571428571428
15,1,2,0.4166666666666667,0.6,0.6528571428571428,1.8789940263602127,1.8192576066746646e-13,652.8571428571428
15,1,3,0.43333333333333335,0.6,0.6528571428571428,1.8844537283581948,1.8685058139297973e-13,652.8571428571428
15,1,4,0.45,0.6,0.6528571428571428,1.8892545425819522,1.9161807994147557e-13,652.8571428571428
15,1,5,0.4666666666666667,0.6,0.6528571428571428,1.893580444492449,1.9641627498477093e-13,652.8571428571428
15,1,6,0.48333333333333334,0.6,0.6528571428571428,1.8977442566181606,2.0141232314664343e-13,652.8571428571428
15,1,7,0.5,0.6,0.6528571428571428,1.9015063132429768,2.0635474457382141e-13,652.8571428571428
15,2,1,0.4,0.695,0.6528571428571428,1.890171905328597,1.955745446906587e-13,652.8571428571428
15,2,2,0.4166666666666667,0.695,0.6528571428571428,1.8959762959904511,2.0088849827311697e-13,652.8571428571428
15,2,3,0.43333333333333335,0.695,0.6528571428571428,1.9014053934958441,2.0639619235873536e-13,652.8571428571428
15,2,4,0.45,0.695,0.6528571428571428,1.9061791815993205,2.1172549619225775e-13,652.8571428571428
15,2,5,0.4666666666666667,0.695,0.6528571428571428,1.9104781967196998,2.1710761872497747e-13,652.8571428571428
15,2,6,0.48333333333333334,0.695,0.6528571428571428,1.9146175482100114,2.2268170547937172e-13,652.8571428571428
15,2,7,0.5,0.695,0.6528571428571428,1.9183427826881951,2.2812727974281336e-13,652.8571428571428
15,3,1,0.4,0.7899999999999999,0.6528571428571428,1.9018118983431913,2.1567026429982592e-13,652.8571428571428
15,3,2,0.4166666666666667,0.7899999999999999,0.6528571428571428,1.9075866574405806,2.215701507862644e-13,652.8571428571428
15,3,3,0.43333333333333335,0.7899999999999999,0.6528571428571428,1.912986985904331,2.276814640707879e-13,652.8571428571428
15,3,4,0.45,0.7899999999999999,0.6528571428571428,1.9177351269869467,2.3359213529358037e-13,652.8571428571428
15,3,5,0.4666666666666667,0.7899999999999999,0.6528571428571428,1.9220122725928703,2.395646604283119e-13,652.8571428571428
15,3,6,0.48333333333333334,0.7899999999999999,0.6528571428571428,1.926128266527658,2.457425968830401e-13,652.8571428571428
15,3,7,0.5,0.7899999999999999,0.6528571428571428,1.9298366471847532,2.5178665624768317e-13,652.8571428571428
15,4,1,0.4,0.885,0.6528571428571428,1.9101340909409226,2.371571345415725e-13,652.8571428571428
15,4,2,0.4166666666666667,0.885,0.6528571428571428,1.9158862187725094,2.436681632977372e-13,652.8571428571428
15,4,3,0.43333333333333335,0.885,0.6528571428571428,1.9212655112059194,2.5041330572306367e-13,652.8571428571428
15,4,4,0.45,0.885,0.6528571428571428,1.9259950878493974,2.569353657874384e-13,652.8571428571428
15,4,5,0.4666666666666667,0.885,0.6528571428571428,1.9302510144698037,2.6349633559751437e-13,652.8571428571428
15,4,6,0.48333333333333334,0.885,0.6528571428571428,1.9343499637087886,2.703105784228759e-13,652.8571428571428
15,4,7,0.5,0.885,0.6528571428571428,1.9380498732261546,2.770202835406022e-13,652.8571428571428
15,5,1,0.4,0.98,0.6528571428571428,1.916111456694177,2.588066889245101e-13,652.8571428571428
15,5,2,0.4166666666666667,0.98,0.6528571428571428,1.9218482125195508,2.6593561417431566e-13,652.8571428571428
15,5,3,0.43333333333333335,0.98,0.6528571428571428,1.9272128284921624,2.733190646028622e-13,652.8571428571428
15,5,4,0.45,0.98,0.6528571428571428,1.9319293875242145,2.8045684308300894e-13,652.8571428571428
15,5,5,0.4666666666666667,0.98,0.6528571428571428,1.936174126432376,2.8764211322870925e-13,652.8571428571428
15,5,6,0.48333333333333334,0.98,0.6528571428571428,1.9402615529546212,2.9509714091800247e-13,652.8571428571428
15,5,7,0.5,0.98,0.6528571428571428,1.9439515864817498,3.0243669985405607e-13,652.8571428571428
15,6,1,0.4,1.075,0.6528571428571428,1.9204881286282063,2.8008289558908893e-13,652.8571428571428
15,6,2,0.4166666666666667,1.075,0.6528571428571428,1.9262158779733147,2.8783145302549546e-13,652.8571428571428
15,6,3,0.43333333333333335,1.075,0.6528571428571428,1.9315715848571213,2.958524868903832e-13,652.8571428571428
15,6,4,0.45,1.075,0.6528571428571428,1.9362803406145004,3.0360581789720457e-13,652.8571428571428
15,6,5,0.4666666666666667,1.075,0.6528571428571428,1.94051710702605,3.114146281870642e-13,652.8571428571428
15,6,6,0.48333333333333334,1.075,0.6528571428571428,1.9445977690695007,3.195093124548837e-13,652.8571428571428
15,6,7,0.5,1.075,0.6528571428571428,1.9482783780959798,3.274410675833461e-13,652.8571428571428
15,7,1,0.4,1.17,0.6528571428571428,1.9239614398894151,3.022307218578026e-13,652.8571428571428
15,7,2,0.4166666666666667,1.17,0.6528571428571428,1.9296798165592954,3.106067068989194e-13,652.8571428571428
15,7,3,0.43333333333333335,1.17,0.6528571428571428,1.935026569839316,3.1927546503858654e-13,652.8571428571428
15,7,4,0.45,1.17,0.6528571428571428,1.939727397110172,3.27653829842056e-13,652.8571428571428
15,7,5,0.4666666666666667,1.17,0.6528571428571428,1.943957485746725,3.360963011057652e-13,652.8571428571428
15,7,6,0.48333333333333334,1.17,0.6528571428571428,1.948031080419128,3.4484193311068026e-13,652.8571428571428
15,7,7,0.5,1.17,0.6528571428571428,1.9517061122727115,3.534153390584491e-13,652.8571428571428
16,1,1,0.4,0.6,0.6637755102040817,1.8671780129002584,1.7945279496868554e-13,663.7755102040817
16,1,2,0.4166666666666667,0.6,0.6637755102040817,1.8731359337041447,1.8419271135280502e-13,663.7755102040817
16,1,3,0.43333333333333335,0.6,0.6637755102040817,1.87871413525587,1.8911578139443828e-13,663.7755102040817
16,1,4,0.45,0.6,0.6637755102040817,1.883620501826824,1.9388315065472277e-13,663.7755102040817
16,1,5,0.4666666666666667,0.6,0.6637755102040817,1.8880489216752092,1.986891510430778e-13,663.7755102040817
16,1,6,0.48333333333333334,0.6,0.6637755102040817,1.8923095889487993,2.0369321918960268e-13,663.7755102040817
16,1,7,0.5,0.6,0.6637755102040817,1.896160724951289,2.0864721427517408e-13,663.7755102040817
16,2,1,0.4,0.695,0.6637755102040817,1.8847599436633564,1.9774258581796056e-13,663.7755102040817
16,2,2,0.4166666666666667,0.695,0.6637755102040817,1.8906872461011,2.0304797094334252e-13,663.7755102040817
16,2,3,0.43333333333333335,0.695,0.6637755102040817,1.8962338401457006,2.085498107710457e-13,663.7755102040817
16,2,4,0.45,0.695,0.6637755102040817,1.9011122550961392,2.1387491715538083e-13,663.7755102040817
16,2,5,0.4666666666666667,0.695,0.6637755102040817,1.9055133899696541,2.1926407835620051e-13,663.7755102040817
16,2,6,0.48333333333333334,0.695,0.6637755102040817,1.9097485726321488,2.2484184028615312e-13,663.7755102040817
16,2,7,0.5,0.695,0.6637755102040817,1.9135604687389869,2.302904407426e-13,663.7755102040817
16,3,1,0.4,0.7899999999999999,0.6637755102040817,1.896792002394015,2.1781303815187214e-13,663.7755102040817
16,3,2,0.4166666666666667,0.7899999999999999,0.6637755102040817,1.902688455668797,2.2370034756071846e-13,663.7755102040817
16,3,3,0.43333333333333335,0.7899999999999999,0.6637755102040817,1.908205037320782,2.29801667290642e-13,663.7755102040817
16,3,4,0.45,0.7899999999999999,0.6637755102040817,1.9130566645305855,2.357040529150521e-13,663.7755102040817
16,3,5,0.4666666666666667,0.7899999999999999,0.6637755102040817,1.9174348273619433,2.4168038604780987e-13,663.7755102040817
16,3,6,0.48333333333333334,0.7899999999999999,0.6637755102040817,1.9216455448257637,2.478582017774418e-13,663.7755102040817
16,3,7,0.5,0.7899999999999999,0.6637755102040817,1.925439857191252,2.539017998222371e-13,663.7755102040817
16,4,1,0.4,0.885,0.6637755102040817,1.9053931417295356,2.393183271693928e-13,663.7755102040817
16,4,2,0.4166666666666667,0.885,0.6637755102040817,1.9112659374232857,2.458125271832522e-13,663.7755102040817
16,4,3,0.43333333333333335,0.885,0.6637755102040817,1.9167605038614346,2.5254348520151206e-13,663.7755102040817
16,4,4,0.45,0.885,0.6637755102040817,1.9215926854206773,2.590531774334107e-13,663.7755102040817
16,4,5,0.4666666666666667,0.885,0.6637755102040817,1.9259483273219085,2.6561286502591606e-13,663.7755102040817
16,4,6,0.48333333333333334,0.885,0.6637755102040817,1.9301411589397743,2.7242344615881894e-13,663.7755102040817
16,4,7,0.5,0.885,0.6637755102040817,1.9339268258906264,2.791318015553355e-13,663.7755102040817
16,5,1,0.4,0.98,0.6637755102040817,1.911573889684094,2.610183896131848e-13,663.7755102040817
16,5,2,0.4166666666666667,0.98,0.6637755102040817,1.9174306089152777,2.681269924909247e-13,663.7755102040817
16,5,3,0.43333333333333335,0.98,0.6637755102040817,1.9229098052273692,2.7549276914976765e-13,663.7755102040817
16,5,4,0.45,0.98,0.6637755102040817,1.9277283419297295,2.8261480217348894e-13,663.7755102040817
16,5,5,0.4666666666666667,0.98,0.6637755102040817,1.932072272178987,2.8979660460035305e-13,663.7755102040817
16,5,6,0.48333333333333334,0.98,0.6637755102040817,1.9362529945096483,2.972450599806905e-13,663.7755102040817
16,5,7,0.5,0.98,0.6637755102040817,1.940028240668614,3.045803131999162e-13,663.7755102040817
16,6,1,0.4,1.075,0.6637755102040817,1.9161009498037116,2.8236411453172676e-13,663.7755102040817
16,6,2,0.4166666666666667,1.075,0.6637755102040817,1.9219482560964172,2.9008964785730114e-13,663.7755102040817
16,6,3,0.43333333333333335,1.075,0.6637755102040817,1.92741812786248,2.980902895701266e-13,663.7755102040817
16,6,4,0.45,1.075,0.6637755102040817,1.9322284924754205,3.0582527949855736e-13,663.7755102040817
16,6,5,0.4666666666666667,1.075,0.6637755102040817,1.936564179128181,3.136302038256662e-13,663.7755102040817
16,6,6,0.48333333333333334,1.075,0.6637755102040817,1.9407377862827746,3.2171609719574684e-13,663.7755102040817
16,6,7,0.5,1.075,0.6637755102040817,1.9445029753884815,3.296392612422901e-13,663.7755102040817
16,7,1,0.4,1.17,0.6637755102040817,1.9196935010476774,3.0459662389670505e-13,663.7755102040817
16,7,2,0.4166666666666667,1.17,0.6637755102040817,1.9255309786833037,3.1294644442615493e-13,663.7755102040817
16,7,3,0.43333333333333335,1.17,0.6637755102040817,1.9309914505519252,3.2159171031684996e-13,663.7755102040817
16,7,4,0.45,1.17,0.6637755102040817,1.9357934856395658,3.2994875802919594e-13,663.7755102040817
16,7,5,0.4666666666666667,1.17,0.6637755102040817,1.9401221293759303,3.383854688044329e-13,663.7755102040817
16,7,6,0.48333333333333334,1.17,0.6637755102040817,1.9442882979000329,3.471198965226799e-13,663.7755102040817
16,7,7,0.5,1.17,0.6637755102040817,1.9480476234186967,3.556824592386789e-13,663.7755102040817
17,1,1,0.4,0.6,0.6746938775510204,1.8612062764273039,1.8178294045036247e-13,674.6938775510204
17,1,2,0.4166666666666667,0.6,0.6746938775510204,1.867287322064608,1.865170472107406e-13,674.6938775510204
17,1,3,0.43333333333333335,0.6,0.6746938775510204,1.872983550288264,1.914375124305851e-13,674.6938775510204
17,1,4,0.45,0.6,0.6746938775510204,1.8779951385415177,1.9620410475323734e-13,674.6938775510204
17,1,5,0.4666666666666667,0.6,0.6746938775510204,1.8825258371821663,2.0101705513908806e-13,674.6938775510204
17,1,6,0.48333333333333334,0.6,0.6746938775510204,1.8868832673120706,2.0602867214506647e-13,674.6938775510204
17,1,7,0.5,0.6,0.6746938775510204,1.8908235215292806,2.1099402950116537e-13,674.6938775510204
17,2,1,0.4,0.695,0.6746938775510204,1.8793662107777134,1.999584312984221e-13,674.6938775510204
17,2,2,0.4166666666666667,0.695,0.6746938775510204,1.8854158614719998,2.0525430664932187e-13,674.6938775510204
17,2,3,0.43333333333333335,0.695,0.6746938775510204,1.8910795307672876,2.107494889430992e-13,674.6938775510204
17,2,4,0.45,0.695,0.6746938775510204,1.8960622813509167,2.1606978876262104e-13,674.6938775510204
17,2,5,0.4666666666666667,0.695,0.6746938775510204,1.9005653930439514,2.21465255347155e-13,674.6938775510204
17,2,6,0.48333333333333334,0.695,0.6746938775510204,1.904896328923078,2.2704619367860296e-13,674.6938775510204
17,2,7,0.5,0.695,0.6746938775510204,1.9087948341416028,2.3249738625199966e-13,674.6938775510204
17,3,1,0.4,0.7899999999999999,0.6746938775510204,1.8917962970597981,2.19997135514989e-13,674.6938775510204
17,3,2,0.4166666666666667,0.7899999999999999,0.6746938775510204,1.8978138908445552,2.2587093788559638e-13,674.6938775510204
17,3,3,0.43333333333333335,0.7899999999999999,0.6746938775510204,1.9034463059952993,2.3196146128636604e-13,674.6938775510204
17,3,4,0.45,0.7899999999999999,0.6746938775510204,1.9084011250081303,2.3785494876954877e-13,674.6938775510204
17,3,5,0.4666666666666667,0.7899999999999999,0.6746938775510204,1.9128801473062786,2.4383428889278947e-13,674.6938775510204
17,3,6,0.48333333333333334,0.7899999999999999,0.6746938775510204,1.9171854988112833,2.500114506137353e-13,674.6938775510204
17,3,7,0.5,0.7899999999999999,0.6746938775510204,1.9210656922091878,2.560541279234265e-13,674.6938775510204
17,4,1,0.4,0.885,0.6746938775510204,1.9006807388910003,2.415170447233891e-13,674.6938775510204
17,4,2,0.4166666666666667,0.885,0.6746938775510204,1.906673642331082,2.47993473796268e-13,674.6938775510204
17,4,3,0.43333333333333335,0.885,0.6746938775510204,1.9122830540357014,2.5470943009929393e-13,674.6938775510204
17,4,4,0.45,0.885,0.6746938775510204,1.9172175357906214,2.6120612862365005e-13,674.6938775510204
17,4,5,0.4666666666666667,0.885,0.6746938775510204,1.9216726900046393,2.6776359001313895e-13,674.6938775510204
17,4,6,0.48333333333333334,0.885,0.6746938775510204,1.9259593006240472,2.745699476283374e-13,674.6938775510204
17,4,7,0.5,0.885,0.6746938775510204,1.9298306966053138,2.812765647693788e-13,674.6938775510204
17,5,1,0.4,0.98,0.6746938775510204,1.907068115851304,2.632649235996753e-13,674.6938775510204
17,5,2,0.4166666666666667,0.98,0.6746938775510204,1.9130442324237786,2.703522365712584e-13,674.6938775510204
17,5,3,0.43333333333333335,0.98,0.6746938775510204,1.9186375719922788,2.7769949463293824e-13,674.6938775510204
17,5,4,0.45,0.98,0.6746938775510204,1.923557772584453,2.8480513398454616e-13,674.6938775510204
17,5,5,0.4666666666666667,0.98,0.6746938775510204,1.928000685631937,2.919824617715189e-13,674.6938775510204
17,5,6,0.48333333333333334,0.98,0.6746938775510204,1.9322745888106134,2.994237414818071e-13,674.6938775510204
17,5,7,0.5,0.98,0.6746938775510204,1.9361350049546848,3.067542534166513e-13,674.6938775510204
17,6,1,0.4,1.075,0.6746938775510204,1.9117479953900671,2.8467810219187875e-13,674.6938775510204
17,6,2,0.4166666666666667,1.075,0.6746938775510204,1.917714290237363,2.9237960677971754e-13,674.6938775510204
17,6,3,0.43333333333333335,1.075,0.6746938775510204,1.9232978855247773,3.003589730596497e-13,674.6938775510204
17,6,4,0.45,1.075,0.6746938775510204,1.92820954070225,3.080749428466445e-13,674.6938775510204
17,6,5,0.4666666666666667,1.075,0.6746938775510204,1.932643945470338,3.1587495913857774e-13,674.6938775510204
17,6,6,0.48333333333333334,1.075,0.6746938775510204,1.9369103756987824,3.23951406366371e-13,674.6938775510204
17,6,7,0.5,1.075,0.6746938775510204,1.9407600754222545,3.3186542477120334e-13,674.6938775510204
17,7,1,0.4,1.17,0.6746938775510204,1.915461755262412,3.069940211708952e-13,674.6938775510204
17,7,2,0.4166666666666667,1.17,0.6746938775510204,1.921417757846436,3.153166286778317e-13,674.6938775510204
17,7,3,0.43333333333333335,1.17,0.6746938775510204,1.9269914983467005,3.2393747654367567e-13,674.6938775510204
17,7,4,0.45,1.17,0.6746938775510204,1.9318944145525332,3.322724940573835e-13,674.6938775510204
17,7,5,0.4666666666666667,1.17,0.6746938775510204,1.9363214018399373,3.407023447016865e-13,674.6938775510204
17,7,6,0.48333333333333334,1.17,0.6746938775510204,1.9405800130590873,3.49424866354138e-13,674.6938775510204
17,7,7,0.5,1.17,0.6746938775510204,1.944423556539303,3.579759924530313e-13,674.6938775510204
18,1,1,0.4,0.6,0.6856122448979591,1.8552415918751908,1.8417345533776702e-13,685.6122448979592
18,1,2,0.4166666666666667,0.6,0.6856122448979591,1.8614450748447673,1.889006578736058e-13,685.6122448979592
18,1,3,0.43333333333333335,0.6,0.6856122448979591,1.8672588072509637,1.9381759429766137e-13,685.6122448979592
18,1,4,0.45,0.6,0.6856122448979591,1.8723752442246204,1.9858270175474295e-13,685.6122448979592
18,1,5,0.4666666666666667,0.6,0.6856122448979591,1.8770079402026891,2.0340170336496797e-13,685.6122448979592
18,1,6,0.48333333333333334,0.6,0.6856122448979591,1.8814620044891235,2.0842035284426918e-13,685.6122448979592
18,1,7,0.5,0.6,0.6856122448979591,1.8854913868572514,2.1339682628461736e-13,685.6122448979592
18,2,1,0.4,0.695,0.6856122448979591,1.8739875247872237,2.0222358771990387e-13,685.6122448979592
18,2,2,0.4166666666666667,0.695,0.6856122448979591,1.8801589167704438,2.0750895285307772e-13,685.6122448979592
18,2,3,0.43333333333333335,0.695,0.6856122448979591,1.8859392000177921,2.129966213413009e-13,685.6122448979592
18,2,4,0.45,0.695,0.6856122448979591,1.8910259606676088,2.183114591909825e-13,685.6122448979592
18,2,5,0.4666666666666667,0.695,0.6856122448979591,1.8956308746617108,2.2371247495020988e-13,685.6122448979592
18,2,6,0.48333333333333334,0.695,0.6856122448979591,1.9000574552455418,2.2929605641918316e-13,685.6122448979592
18,2,7,0.5,0.695,0.6856122448979591,1.9040424888143275,2.347493744659807e-13,685.6122448979592
18,3,1,0.4,0.7899999999999999,0.6856122448979591,1.8868215474537093,2.2222377776381358e-13,685.6122448979592
18,3,2,0.4166666666666667,0.7899999999999999,0.6856122448979591,1.892959689969467,2.280830941474466e-13,685.6122448979592
18,3,3,0.43333333333333335,0.7899999999999999,0.6856122448979591,1.8987074835041795,2.34161974352762e-13,685.6122448979592
18,3,4,0.45,0.7899999999999999,0.6856122448979591,1.903765169368193,2.4004591202660655e-13,685.6122448979592
18,3,5,0.4666666666666667,0.7899999999999999,0.6856122448979591,1.9083448644893608,2.460274430460464e-13,685.6122448979592
18,3,6,0.48333333333333334,0.7899999999999999,0.6856122448979591,1.9127447327765006,2.5220338905089167e-13,685.6122448979592
18,3,7,0.5,0.7899999999999999,0.6856122448979591,1.9167107311263314,2.582446591877353e-13,685.6122448979592
18,4,1,0.4,0.885,0.6856122448979591,1.8959936218171909,2.4375431211401736e-13,685.6122448979592
18,4,2,0.4166666666666667,0.885,0.6856122448979591,1.902106037615759,2.502119842712741e-13,685.6122448979592
18,4,3,0.43333333333333335,0.885,0.6856122448979591,1.9078298328600762,2.5691208194379214e-13,685.6122448979592
18,4,4,0.45,0.885,0.6856122448979591,1.9128662814257176,2.6339512508447767e-13,685.6122448979592
18,4,5,0.4666666666666667,0.885,0.6856122448979591,1.9174207164217167,2.699494045768641e-13,685.6122448979592
18,4,6,0.48333333333333334,0.885,0.6856122448979591,1.9218009763680044,2.767509515331056e-13,685.6122448979592
18,4,7,0.5,0.885,0.6856122448979591,1.9257580501547615,2.834554194621906e-13,685.6122448979592
18,5,1,0.4,0.98,0.6856122448979591,1.9025908600395123,2.655471932485132e-13,685.6122448979592
18,5,2,0.4166666666666667,0.98,0.6856122448979591,1.9086857743597572,2.7261220883101157e-13,685.6122448979592
18,5,3,0.43333333333333335,0.98,0.6856122448979591,1.9143927885898184,2.799400671783388e-13,685.6122448979592
18,5,4,0.45,0.98,0.6856122448979591,1.9194143118098905,2.870286313424771e-13,685.6122448979592
18,5,5,0.4666666666666667,0.98,0.6856122448979591,1.9239559717295656,2.9420047050534554e-13,685.6122448979592
18,5,6,0.48333333333333334,0.98,0.6856122448979591,1.928322915334074,3.0163394814524176e-13,685.6122448979592
18,5,7,0.5,0.98,0.6856122448979591,1.9322684365042606,3.0895926218371293e-13,685.6122448979592
18,6,1,0.4,1.075,0.6856122448979591,1.9074259814106678,2.870256897643433e-13,685.6122448979592
18,6,2,0.4166666666666667,1.075,0.6856122448979591,1.9135106640248036,2.947021241108343e-13,685.6122448979592
18,6,3,0.43333333333333335,1.075,0.6856122448979591,1.919207510921761,3.026592980968824e-13,685.6122448979592
18,6,4,0.45,1.075,0.6856122448979591,1.9242201116699371,3.10355537465087e-13,685.6122448979592
18,6,5,0.4666666666666667,1.075,0.6856122448979591,1.9287530063263174,3.18149621507191e-13,685.6122448979592
18,6,6,0.48333333333333334,1.075,0.6856122448979591,1.9331121126472663,3.2621594624072845e-13,685.6122448979592
18,6,7,0.5,1.075,0.6856122448979591,1.9370462309010075,3.341202438298025e-13,685.6122448979592
18,7,1,0.4,1.17,0.6856122448979591,1.911262913867738,3.094236873690514e-13,685.6122448979592
18,7,2,0.4166666666666667,1.17,0.6856122448979591,1.9173368336974228,3.177179981671202e-13,685.6122448979592
18,7,3,0.43333333333333335,1.17,0.6856122448979591,1.9230233629098394,3.2631347011538947e-13,685.6122448979592
18,7,4,0.45,1.17,0.6856122448979591,1.9280268072943263,3.3462571407165226e-13,685.6122448979592
18,7,5,0.4666666666666667,1.17,0.6856122448979591,1.9325519007990704,3.430476058270799e-13,685.6122448979592
18,7,6,0.48333333333333334,1.17,0.6856122448979591,1.93690279892459,3.5175749967438975e-13,685.6122448979592
18,7,7,0.5,1.17,0.6856122448979591,1.9408304623570165,3.6029657601432607e-13,685.6122448979592
19,1,1,0.4,0.6,0.696530612244898,1.8492812185067307,1.86626374449697e-13,696.530612244898
19,1,2,0.4166666666666667,0.6,0.696530612244898,1.8556063962091396,1.9134549530315063e-13,696.530612244898
19,1,3,0.43333333333333335,0.6,0.696530612244898,1.8615370601323682,1.9625790505203186e-13,696.530612244898
19,1,4,0.45,0.6,0.696530612244898,1.8667579300900614,2.0102075615861567e-13,696.530612244898
19,1,5,0.4666666666666667,0.6,0.696530612244898,1.8714922991751024,2.0584486248070019e-13,696.530612244898
19,1,6,0.48333333333333334,0.6,0.696530612244898,1.8760428321668912,2.1086998004283875e-13,696.530612244898
19,1,7,0.5,0.6,0.696530612244898,1.8801613234971315,2.1585728662176386e-13,696.530612244898
19,2,1,0.4,0.695,0.696530612244898,1.868621016813007,2.0453960543934687e-13,696.530612244898
19,2,2,0.4166666666666667,0.695,0.696530612244898,1.8749134997889918,2.0981339779368846e-13,696.530612244898
19,2,3,0.43333333333333335,0.695,0.696530612244898,1.8808098957920838,2.1529264058530833e-13,696.530612244898
19,2,4,0.45,0.695,0.696530612244898,1.886000306681345,2.206013127091415e-13,696.530612244898
19,2,5,0.4666666666666667,0.695,0.696530612244898,1.8907068170173902,2.2600709552905966e-13,696.530612244898
19,2,6,0.48333333333333334,0.695,0.696530612244898,1.8952289033566245,2.3159275055012857e-13,696.530612244898
19,2,7,0.5,0.695,0.696530612244898,1.8993003563528827,2.3704769327819556e-13,696.530612244898
19,3,1,0.4,0.7899999999999999,0.696530612244898,1.8818648277605279,2.2449421664496218e-13,696.530612244898
19,3,2,0.4166666666666667,0.7899999999999999,0.696530612244898,1.8881228896173337,2.303380170049663e-13,696.530612244898
19,3,3,0.43333333333333335,0.7899999999999999,0.696530612244898,1.8939855714482676,2.3640436121795777e-13,696.530612244898
19,3,4,0.45,0.7899999999999999,0.696530612244898,1.8991457689616946,2.4227805689608177e-13,696.530612244898
19,3,5,0.4666666666666667,0.7899999999999999,0.696530612244898,1.9038259217628657,2.4826094502666127e-13,696.530612244898
19,3,6,0.48333333333333334,0.7899999999999999,0.696530612244898,1.9083201621525436,2.5443508387221324e-13,696.530612244898
19,3,7,0.5,0.7899999999999999,0.696530612244898,1.9123718642620275,2.604744322939733e-13,696.530612244898
19,4,1,0.4,0.885,0.696530612244898,1.8913288368730459,2.4603117706869963e-13,696.530612244898
19,4,2,0.4166666666666667,0.885,0.696530612244898,1.8975601350817521,2.5246906104343485e-13,696.530612244898
19,4,3,0.43333333333333335,0.885,0.696530612244898,1.9033978197905204,2.591524022469444e-13,696.530612244898
19,4,4,0.45,0.885,0.696530612244898,1.9085358736513416,2.656210915914771e-13,696.530612244898
19,4,5,0.4666666666666667,0.885,0.696530612244898,1.9131893298399807,2.721712193173774e-13,696.530612244898
19,4,6,0.48333333333333334,0.885,0.696530612244898,1.9176630836200685,2.789673422105275e-13,696.530612244898
19,4,7,0.5,0.885,0.696530612244898,1.9217057615908766,2.85669226891375e-13,696.530612244898
19,5,1,0.4,0.98,0.696530612244898,1.898139152833834,2.6786611795844534e-13,696.530612244898
19,5,2,0.4166666666666667,0.98,0.696530612244898,1.9043522326185829,2.7490778757115396e-13,696.530612244898
19,5,3,0.43333333333333335,0.98,0.696530612244898,1.9101724221574272,2.8221532780781674e-13,696.530612244898
19,5,4,0.45,0.98,0.696530612244898,1.915294899891369,2.8928610132397345e-13,696.530612244898
19,5,5,0.4666666666666667,0.98,0.696530612244898,1.919935043966905,2.9645142845194175e-13,696.530612244898
19,5,6,0.48333333333333334,0.98,0.696530612244898,1.924394862669136,3.0387645384590455e-13,696.530612244898
19,5,7,0.5,0.98,0.696530612244898,1.928425402081736,3.111960918514087e-13,696.530612244898
19,6,1,0.4,1.075,0.696530612244898,1.903131928867902,2.8940772051790395e-13,696.530612244898
19,6,2,0.4166666666666667,1.075,0.696530612244898,1.9093343669860352,2.970580053162121e-13,696.530612244898
19,6,3,0.43333333333333335,1.075,0.696530612244898,1.9151439638553314,3.0499203577168145e-13,696.530612244898
19,6,4,0.45,1.075,0.696530612244898,1.9202571391667496,3.126678027574078e-13,696.530612244898
19,6,5,0.4666666666666667,1.075,0.696530612244898,1.9248882700411343,3.2045492586831475e-13,696.530612244898
19,6,6,0.48333333333333334,1.075,0.696530612244898,1.9293398811330695,3.285104300186761e-13,696.530612244898
19,6,7,0.5,1.075,0.696530612244898,1.933358303722807,3.3640441058075007e-13,696.530612244898
19,7,1,0.4,1.17,0.696530612244898,1.9070939926610333,3.1188640502264794e-13,696.530612244898
19,7,2,0.4166666666666667,1.17,0.696530612244898,1.9132851913246507,3.2015129951487533e-13,696.530612244898
19,7,3,0.43333333333333335,1.17,0.696530612244898,1.9190840002432483,3.28720404911253e-13,696.530612244898
19,7,4,0.45,1.17,0.696530612244898,1.9241875943571456,3.370091013866934e-13,696.530612244898
19,7,5,0.4666666666666667,1.17,0.696530612244898,1.9288105316549613,3.454219340238127e-13,696.530612244898
19,7,6,0.48333333333333334,1.17,0.696530612244898,1.9332535369042034,3.541184578438403e-13,696.530612244898
19,7,7,0.5,1.17,0.696530612244898,1.937265200523252,3.626448512105947e-13,696.530612244898
20,1,1,0.4,0.6,0.7074489795918367,1.8433227070817948,1.8914380278807076e-13,707.4489795918367
20,1,2,0.4166666666666667,0.6,0.7074489795918367,1.84976878107401,1.9385357666052835e-13,707.4489795918367
20,1,3,0.43333333333333335,0.6,0.7074489795918367,1.8558157530102728,1.9876038358627594e-13,707.4489795918367
20,1,4,0.45,0.6,0.7074489795918367,1.861140596885764,2.0352013977494732e-13,707.4489795918367
20,1,5,0.4666666666666667,0.6,0.7074489795918367,1.8659762715338286,2.0834835209838308e-13,707.4489795918367
20,1,6,0.48333333333333334,0.6,0.7074489795918367,1.8706230706196374,2.13379322423754e-13,707.4489795918367
20,1,7,0.5,0.6,0.7074489795918367,1.8748306223179387,2.1837714034150582e-13,707.4489795918367
20,2,1,0.4,0.695,0.7074489795918367,1.8632641006362918,2.0690808080215476e-13,707.4489795918367
20,2,2,0.4166666666666667,0.695,0.7074489795918367,1.8696769810305114,2.1216917250326374e-13,707.4489795918367
20,2,3,0.43333333333333335,0.695,0.7074489795918367,1.8756889487462765,2.176390192891549e-13,707.4489795918367
20,2,4,0.45,0.695,0.7074489795918367,1.880982615831277,2.2294077136719292e-13,707.4489795918367
20,2,5,0.4666666666666667,0.695,0.7074489795918367,1.885790485207485,2.28350510234745e-13,707.4489795918367
20,2,6,0.48333333333333334,0.695,0.7074489795918367,1.8904079079917189,2.339376309618003e-13,707.4489795918367
20,2,7,0.5,0.695,0.7074489795918367,1.8945656433778473,2.3939366174473194e-13,707.4489795918367
20,3,1,0.4,0.7899999999999999,0.7074489795918367,1.8769234906997596,2.2680973594091355e-13,707.4489795918367
20,3,2,0.4166666666666667,0.7899999999999999,0.7074489795918367,1.8833008053435483,2.3263693691069047e-13,707.4489795918367
20,3,3,0.43333333333333335,0.7899999999999999,0.7074489795918367,1.88927785081519,2.3868980444239403e-13,707.4489795918367
20,3,4,0.45,0.7899999999999999,0.7074489795918367,1.8945401748653148,2.4455252391667925e-13,707.4489795918367
20,3,5,0.4666666666666667,0.7899999999999999,0.7074489795918367,1.8993205420547927,2.505359151117927e-13,707.4489795918367
20,3,6,0.48333333333333334,0.7899999999999999,0.7074489795918367,1.903908982764686,2.5670762423263525e-13,707.4489795918367
20,3,7,0.5,0.7899999999999999,0.7074489795918367,1.9080462625946335,2.627445071362028e-13,707.4489795918367
20,4,1,0.4,0.885,0.7074489795918367,1.886683706766213,2.4834871138974697e-13,707.4489795918367
20,4,2,0.4166666666666667,0.885,0.7074489795918367,1.8930332235418024,2.547657289921742e-13,707.4489795918367
20,4,3,0.43333333333333335,0.885,0.7074489795918367,1.8989842718911856,2.6143137354924755e-13,707.4489795918367
20,4,4,0.45,0.885,0.7074489795918367,1.9042235419025302,2.678849729196672e-13,707.4489795918367
20,4,5,0.4666666666666667,0.885,0.7074489795918367,1.9089757321102576,2.7442996242529424e-13,707.4489795918367
20,4,6,0.48333333333333334,0.885,0.7074489795918367,1.913542798863669,2.812200205810121e-13,707.4489795918367
20,4,7,0.5,0.885,0.7074489795918367,1.9176709854022556,2.8791886418212085e-13,707.4489795918367
20,5,1,0.4,0.98,0.7074489795918367,1.8937102998789699,2.7022263522843026e-13,707.4489795918367
20,5,2,0.4166666666666667,0.98,0.7074489795918367,1.9000408809528164,2.7723986794753167e-13,707.4489795918367
20,5,3,0.43333333333333335,0.98,0.7074489795918367,1.9059737164072519,2.845261333244345e-13,707.4489795918367
20,5,4,0.45,0.98,0.7074489795918367,1.9111967542887442,2.915783660586584e-13,707.4489795918367
20,5,5,0.4666666666666667,0.98,0.7074489795918367,1.9159350935794517,2.987361460346815e-13,707.4489795918367
20,5,6,0.48333333333333334,0.98,0.7074489795918367,1.9204875976760671,3.0615204444546183e-13,707.4489795918367
20,5,7,0.5,0.98,0.7074489795918367,1.924603047188897,3.134655062250714e-13,707.4489795918367
20,6,1,0.4,1.075,0.7074489795918367,1.8988631330310715,2.918250508280197e-13,707.4489795918367
20,6,2,0.4166666666666667,1.075,0.7074489795918367,1.9051826637958322,2.994480679590289e-13,707.4489795918367
20,6,3,0.43333333333333335,1.075,0.7074489795918367,1.9111044800663692,3.0735796840409154e-13,707.4489795918367
20,6,4,0.45,1.075,0.7074489795918367,1.916317833581448,3.150124888118435e-13,707.4489795918367
20,6,5,0.4666666666666667,1.075,0.7074489795918367,1.921046922193,3.2279161562870283e-13,707.4489795918367
20,6,6,0.48333333333333334,1.075,0.7074489795918367,1.9255908429745818,3.3083557869895415e-13,707.4489795918367
20,6,7,0.5,1.075,0.7074489795918367,1.9296934340986727,3.387186245151745e-13,707.4489795918367
20,7,1,0.4,1.17,0.7074489795918367,1.9029522811705974,3.143829664731797e-13,707.4489795918367
20,7,2,0.4166666666666667,1.17,0.7074489795918367,1.9092600904864432,3.2261728834103093e-13,707.4489795918367
20,7,3,0.43333333333333335,1.17,0.7074489795918367,1.9151706418622365,3.311590031187489e-13,707.4489795918367
20,7,4,0.45,1.17,0.7074489795918367,1.9203739824515405,3.394233472420172e-13,707.4489795918367
20,7,5,0.4666666666666667,1.17,0.7074489795918367,1.9250944766979552,3.4782601683153195e-13,707.4489795918367
20,7,6,0.48333333333333334,1.17,0.7074489795918367,1.9296293859098808,3.565084073592361e-13,707.4489795918367
20,7,7,0.5,1.17,0.7074489795918367,1.933724908724342,3.6502146410552044e-13,707.4489795918367
21,1,1,0.4,0.6,0.7183673469387755,1.837363873524697,1.9172791889636471e-13,718.3673469387754
21,1,2,0.4166666666666667,0.6,0.7183673469387755,1.843929988667831,1.9642698729810187e-13,718.3673469387754
21,1,3,0.43333333333333335,0.6,0.7183673469387755,1.8500925935167765,2.0132703230707337e-13,718.3673469387754
21,1,4,0.45,0.6,0.7183673469387755,1.8555209082789965,2.0608278414055878e-13,718.3673469387754
21,1,5,0.4666666666666667,0.6,0.7183673469387755,1.8604574770218048,2.1091404692860803e-13,718.3673469387754
21,1,6,0.48333333333333334,0.6,0.7183673469387755,1.8652003019545598,2.1595020065107252e-13,718.3673469387754
21,1,7,0.5,0.6,0.7183673469387755,1.8694968356841273,2.2095816701881508e-13,718.3673469387754
21,2,1,0.4,0.695,0.7183673469387755,1.8579144459045769,2.0933065841781002e-13,718.3673469387754
21,2,2,0.4166666666666667,0.695,0.7183673469387755,1.8644469868446287,2.1457785286840311e-13,718.3673469387754
21,2,3,0.43333333333333335,0.695,0.7183673469387755,1.8705739453724568,2.2003727193891293e-13,718.3673469387754
21,2,4,0.45,0.695,0.7183673469387755,1.8759704403843156,2.2533129671679666e-13,718.3673469387754
21,2,5,0.4666666666666667,0.695,0.7183673469387755,1.880879400207745,2.307441486954461e-13,718.3673469387754
21,2,6,0.48333333333333334,0.695,0.7183673469387755,1.885591959798804,2.3633208696956256e-13,718.3673469387754
21,2,7,0.5,0.695,0.7183673469387755,1.8898358124322117,2.4178863155239277e-13,718.3673469387754
21,3,1,0.4,0.7899999999999999,0.7183673469387755,1.8719951405330593,2.2917165315347514e-13,718.3673469387754
21,3,2,0.4166666666666667,0.7899999999999999,0.7183673469387755,1.8784910046391776,2.349811156471214e-13,718.3673469387754
21,3,3,0.43333333333333335,0.7899999999999999,0.7183673469387755,1.8845818548864688,2.4101951582797423e-13,718.3673469387754
21,3,4,0.45,0.7899999999999999,0.7183673469387755,1.8899458907500728,2.4687048125229364e-13,718.3673469387754
21,3,5,0.4666666666666667,0.7899999999999999,0.7183673469387755,1.8948262012028427,2.5285349865095286e-13,718.3673469387754
21,3,6,0.48333333333333334,0.7899999999999999,0.7183673469387755,1.8995086436331232,2.590221228959656e-13,718.3673469387754
21,3,7,0.5,0.7899999999999999,0.7183673469387755,1.903731350534479,2.650559659851898e-13,718.3673469387754
21,4,1,0.4,0.885,0.7183673469387755,1.8820558034578032,2.50708012219785e-13,718.3673469387754
21,4,2,0.4166666666666667,0.885,0.7183673469387755,1.8885228416824889,2.571030365904096e-13,718.3673469387754
21,4,3,0.43333333333333335,0.885,0.7183673469387755,1.8945866966602771,2.6375000046790727e-13,718.3673469387754
21,4,4,0.45,0.885,0.7183673469387755,1.8999267665173647,2.7018773479787654e-13,718.3673469387754
21,4,5,0.4666666666666667,0.885,0.7183673469387755,1.904777376431116,2.767265806781979e-13,718.3673469387754
21,4,6,0.48333333333333334,0.885,0.7183673469387755,1.9094375503534788,2.835099050834047e-13,718.3673469387754
21,4,7,0.5,0.885,0.7183673469387755,1.9136511282269735,2.90205225205339e-13,718.3673469387754
21,5,1,0.4,0.98,0.7183673469387755,1.8893018547369833,2.7261770171777876e-13,718.3673469387754
21,5,2,0.4166666666666667,0.98,0.7183673469387755,1.895749241789158,2.796093629344307e-13,718.3673469387754
21,5,3,0.43333333333333335,0.98,0.7183673469387755,1.9017941644074066,2.8687335719169064e-13,718.3673469387754
21,5,4,0.45,0.98,0.7183673469387755,1.9071173423884549,2.9390626352686513e-13,718.3673469387754
21,5,5,0.4666666666666667,0.98,0.7183673469387755,1.9119535622686628,3.0105544731594435e-13,718.3673469387754
21,5,6,0.48333333333333334,0.98,0.7183673469387755,1.916598538187083,3.084615186076245e-13,718.3673469387754
21,5,7,0.5,0.98,0.7183673469387755,1.9207987687447148,3.1576828133007576e-13,718.3673469387754
21,6,1,0.4,1.075,0.7183673469387755,1.8946171362631397,2.9427855118582375e-13,718.3673469387754
21,6,2,0.4166666666666667,1.075,0.7183673469387755,1.9010530670649157,3.01873142627065e-13,718.3673469387754
21,6,3,0.43333333333333335,1.075,0.7183673469387755,1.9070865439897622,3.0975789039994637e-13,718.3673469387754
21,6,4,0.45,1.075,0.7183673469387755,1.9123996546311592,3.173903571853361e-13,718.3673469387754
21,6,5,0.4666666666666667,1.075,0.7183673469387755,1.9172263982964735,3.251604435419842e-13,718.3673469387754
21,6,6,0.48333333333333334,1.075,0.7183673469387755,1.9218624104837914,3.3319212191490175e-13,718.3673469387754
21,6,7,0.5,1.075,0.7183673469387755,1.926049013213116,3.410635932423363e-13,718.3673469387754
21,7,1,0.4,1.17,0.7183673469387755,1.8988353154617303,3.169141748082312e-13,718.3673469387754
21,7,2,0.4166666666666667,1.17,0.7183673469387755,1.9052590383805104,3.251167301262781e-13,718.3673469387754
21,7,3,0.43333333333333335,1.17,0.7183673469387755,1.9112807675331978,3.336299960302735e-13,718.3673469387754
21,7,4,0.45,1.17,0.7183673469387755,1.9165834272181779,3.4186915153108935e-13,718.3673469387754
21,7,5,0.4666666666666667,1.17,0.7183673469387755,1.9214011677952683,3.502605483253162e-13,718.3673469387754
21,7,6,0.48333333333333334,1.17,0.7183673469387755,1.9260277550240619,3.58928020655861e-13,718.3673469387754
21,7,7,0.5,1.17,0.7183673469387755,1.9302069753291993,3.674270662976435e-13,718.3673469387754
22,1,1,0.4,0.6,0.7292857142857143,1.8314027757068434,1.9438097838065897e-13,729.2857142857143
22,1,2,0.4166666666666667,0.6,0.7292857142857143,1.838088019205037,1.990678838867649e-13,729.2857142857143
22,1,3,0.43333333333333335,0.6,0.7292857142857143,1.8443655294146872,2.0395991992630763e-13,729.2857142857143
22,1,4,0.45,0.6,0.7292857142857143,1.8498967673516298,2.0871068303153145e-13,729.2857142857143
22,1,5,0.4666666666666667,0.6,0.7292857142857143,1.8549337741114054,2.1354387909805206e-13,729.2857142857143
22,1,6,0.48333333333333334,0.6,0.7292857142857143,1.859772346464486,2.1858448948233367e-13,729.2857142857143
22,1,7,0.5,0.6,0.7292857142857143,1.8641577537496996,2.2360219793927235e-13,729.2857142857143
22,2,1,0.4,0.695,0.7292857142857143,1.8525699544320526,2.1180903350106834e-13,729.2857142857143
22,2,2,0.4166666666666667,0.695,0.7292857142857143,1.859221375658105,2.170410617452712e-13,729.2857142857143
22,2,3,0.43333333333333335,0.695,0.7292857142857143,1.8654627041670362,2.224889568140436e-13,729.2857142857143
22,2,4,0.45,0.695,0.7292857142857143,1.8709615645520803,2.2777439156801564e-13,729.2857142857143
22,2,5,0.4666666666666667,0.695,0.7292857142857143,1.8759713149432236,2.331894787271057e-13,729.2857142857143
22,2,6,0.48333333333333334,0.695,0.7292857142857143,1.880778781365396,2.3877754390568945e-13,729.2857142857143
22,2,7,0.5,0.695,0.7292857142857143,1.8851085579714104,2.4423398849745364e-13,729.2857142857143
22,3,1,0.4,0.7899999999999999,0.7292857142857143,1.8670776091582844,2.315813212135994e-13,729.2857142857143
22,3,2,0.4166666666666667,0.7899999999999999,0.7292857142857143,1.8736912829720995,2.373718478833522e-13,729.2857142857143
22,3,3,0.43333333333333335,0.7899999999999999,0.7292857142857143,1.8798953452319564,2.4339473784281057e-13,729.2857142857143
22,3,4,0.45,0.7899999999999999,0.7292857142857143,1.885360648837272,2.4923312600100943e-13,729.2857142857143
22,3,5,0.4666666666666667,0.7899999999999999,0.7292857142857143,1.89034060387517,2.552148673788291e-13,729.2857142857143
22,3,6,0.48333333333333334,0.7899999999999999,0.7292857142857143,1.8951168228613329,2.6137971746774124e-13,729.2857142857143
22,3,7,0.5,0.7899999999999999,0.7292857142857143,1.8994247817845518,2.6740991464364393e-13,729.2857142857143
22,4,1,0.4,0.885,0.7292857142857143,1.8774429241565667,2.531102033195238e-13,729.2857142857143
22,4,2,0.4166666666666667,0.885,0.7292857142857143,1.8840267540137619,2.594820570636361e-13,729.2857142857143
22,4,3,0.43333333333333335,0.885,0.7292857142857143,1.890202827940357,2.661093107528418e-13,729.2857142857143
22,4,4,0.45,0.885,0.7292857142857143,1.8956432546151354,2.7253036487051774e-13,729.2857142857143
22,4,5,0.4666666666666667,0.885,0.7292857142857143,1.900591943197681,2.7906204043073765e-13,729.2857142857143
22,4,6,0.48333333333333334,0.885,0.7292857142857143,1.9053449939370677,2.8583793260279314e-13,729.2857142857143
22,4,7,0.5,0.885,0.7292857142857143,1.9096438246511427,2.9252922144834855e-13,729.2857142857143
22,5,1,0.4,0.98,0.7292857142857143,1.8849115948269508,2.7505229430496245e-13,729.2857142857143
22,5,2,0.4166666666666667,0.98,0.7292857142857143,1.8914750621279695,2.820172042860908e-13,729.2857142857143
22,5,3,0.43333333333333335,0.98,0.7292857142857143,1.8976314844463205,2.892578904101762e-13,729.2857142857143
22,5,4,0.45,0.98,0.7292857142857143,1.9030543573392082,2.962706483556643e-13,729.2857142857143
22,5,5,0.4666666666666667,0.98,0.7292857142857143,1.9079881180114455,3.0341017084692634e-13,729.2857142857143
22,5,6,0.48333333333333334,0.98,0.7292857142857143,1.9127253287914705,3.108056885973025e-13,729.2857142857143
22,5,7,0.5,0.98,0.7292857142857143,1.9170101908498374,3.1810520616163976e-13,729.2857142857143
22,6,1,0.4,1.075,0.7292857142857143,1.890391703928542,2.967691071889456e-13,729.2857142857143
22,6,2,0.4166666666666667,1.075,0.7292857142857143,1.8969433132102334,3.0433407384163166e-13,729.2857142857143
22,6,3,0.43333333333333335,1.075,0.7292857142857143,1.9030878645919866,3.121926090884891e-13,729.2857142857143
22,6,4,0.45,1.075,0.7292857142857143,1.9085002871722445,3.1980218167092215e-13,729.2857142857143
22,6,5,0.4666666666666667,1.075,0.7292857142857143,1.9134243595888896,3.2756217255408586e-13,729.2857142857143
22,6,6,0.48333333333333334,1.075,0.7292857142857143,1.9181522222301157,3.3558079873869197e-13,729.2857142857143
22,6,7,0.5,1.075,0.7292857142857143,1.9224226589688413,3.4344003324885576e-13,729.2857142857143
22,7,1,0.4,1.17,0.7292857142857143,1.8947408540233976,3.1948084477207707e-13,729.2857142857143
22,7,2,0.4166666666666667,1.17,0.7292857142857143,1.9012797654949036,3.2765040104912543e-13,729.2857142857143
22,7,3,0.43333333333333335,1.17,0.7292857142857143,1.907412081093306,3.361341248160853e-13,729.2857142857143
22,7,4,0.45,1.17,0.7292857142857143,1.9128136090221717,3.443472235087307e-13,729.2857142857143
22,7,5,0.4666666666666667,1.17,0.7292857142857143,1.9177282621621918,3.5272622991712466e-13,729.2857142857143
22,7,6,0.48333333333333334,1.17,0.7292857142857143,1.9224462792493355,3.613779768726539e-13,729.2857142857143
22,7,7,0.5,1.17,0.7292857142857143,1.926709015120797,3.698623156440573e-13,729.2857142857143
23,1,1,0.4,0.6,0.740204081632653,1.8254376929540828,1.9710531761120197e-13,740.204081632653
23,1,2,0.4166666666666667,0.6,0.740204081632653,1.8322410932824447,2.0177849769356786e-13,740.204081632653
23,1,3,0.43333333333333335,0.6,0.740204081632653,1.8386327278946022,2.0666118437764896e-13,740.204081632653
23,1,4,0.45,0.6,0.740204081632653,1.8442662958143983,2.1140589508254753e-13,740.204081632653
23,1,5,0.4666666666666667,0.6,0.740204081632653,1.8494032391427497,2.1623984054788722e-13,740.204081632653
23,1,6,0.48333333333333334,0.6,0.740204081632653,1.8543372416966537,2.2128411994787107e-13,740.204081632653
23,1,7,0.5,0.6,0.740204081632653,1.8588113834670608,2.2631111812196853e-13,740.204081632653
23,2,1,0.4,0.695,0.740204081632653,1.8472287392028208,2.143449542880931e-13,740.204081632653
23,2,2,0.4166666666666667,0.695,0.740204081632653,1.853998216907782,2.195604711363441e-13,740.204081632653
23,2,3,0.43333333333333335,0.695,0.740204081632653,1.8603532545012058,2.249956779594635e-13,740.204081632653
23,2,4,0.45,0.695,0.740204081632653,1.8659539833096392,2.302716017890115e-13,740.204081632653
23,2,5,0.4666666666666667,0.695,0.740204081632653,1.8710641930597405,2.356880080715748e-13,740.204081632653
23,2,6,0.48333333333333334,0.695,0.740204081632653,1.8759663059465645,2.412754647324192e-13,740.204081632653
23,2,7,0.5,0.695,0.740204081632653,1.8803817850541802,2.4673115398046344e-13,740.204081632653
23,3,1,0.4,0.7899999999999999,0.740204081632653,1.8621689348984591,2.3404013022402574e-13,740.204081632653
23,3,2,0.4166666666666667,0.7899999999999999,0.740204081632653,1.8688996425232491,2.3981046275791276e-13,740.204081632653
23,3,3,0.43333333333333335,0.7899999999999999,0.740204081632653,1.8752162903996257,2.45816745066717e-13,740.204081632653
23,3,4,0.45,0.7899999999999999,0.740204081632653,1.8807823885500083,2.5164168552136115e-13,740.204081632653
23,3,5,0.4666666666666667,0.7899999999999999,0.740204081632653,1.8858616621868756,2.5762122073213464e-13,740.204081632653
23,3,6,0.48333333333333334,0.7899999999999999,0.740204081632653,1.8907314062202953,2.637815716288691e-13,740.204081632653
23,3,7,0.5,0.7899999999999999,0.740204081632653,1.8951244178971678,2.6980748360003466e-13,740.204081632653
23,4,1,0.4,0.885,0.740204081632653,1.8728430700045529,2.555564363623663e-13,740.204081632653
23,4,2,0.4166666666666667,0.885,0.740204081632653,1.8795429295105581,2.619038895628033e-13,740.204081632653
23,4,3,0.43333333333333335,0.885,0.740204081632653,1.8858306045212454,2.6851035635399786e-13,740.204081632653
23,4,4,0.45,0.885,0.740204081632653,1.8913709186674532,2.749138736697075e-13,740.204081632653
23,4,5,0.4666666666666667,0.885,0.740204081632653,1.8964173185436883,2.814373286023407e-13,740.204081632653
23,4,6,0.48333333333333334,0.885,0.740204081632653,1.9012629915700723,2.882050593945348e-13,740.204081632653
23,4,7,0.5,0.885,0.740204081632653,1.905646915701184,2.9489178288159724e-13,740.204081632653
23,5,1,0.4,0.98,0.740204081632653,1.8805375000545304,2.775274111492038e-13,740.204081632653
23,5,2,0.4166666666666667,0.98,0.740204081632653,1.8872162921333837,2.8446434349980585e-13,740.204081632653
23,5,3,0.43333333333333335,0.98,0.740204081632653,1.893483598588315,2.916806423948755e-13,740.204081632653
23,5,4,0.45,0.98,0.740204081632653,1.8990056965792788,2.9867239261591973e-13,740.204081632653
23,5,5,0.4666666666666667,0.98,0.740204081632653,1.904036633561593,3.0580117050568443e-13,740.204081632653
23,5,6,0.48333333333333334,0.98,0.740204081632653,1.9088658193132149,3.131853810674819e-13,740.204081632653
23,5,7,0.5,0.98,0.740204081632653,1.9132351432438266,3.204770834229445e-13,740.204081632653
23,6,1,0.4,1.075,0.740204081632653,1.886184802990087,2.992976205191496e-13,740.204081632653
23,6,2,0.4166666666666667,1.075,0.740204081632653,1.892851341015135,3.0683172095294626e-13,740.204081632653
23,6,3,0.43333333333333335,1.075,0.740204081632653,1.8991063538991046,3.1466294554622303e-13,740.204081632653
23,6,4,0.45,1.075,0.740204081632653,1.9046176197020603,3.222487490523183e-13,740.204081632653
23,6,5,0.4666666666666667,1.075,0.740204081632653,1.9096386715082139,3.2999757662247016e-13,740.204081632653
23,6,6,0.48333333333333334,1.075,0.740204081632653,1.9144581214960628,3.3800235845920324e-13,740.204081632653
23,6,7,0.5,1.075,0.740204081632653,1.9188121944236038,3.458486706323219e-13,740.204081632653
23,7,1,0.4,1.17,0.740204081632653,1.8906668563435216,3.220838036557323e-13,740.204081632653
23,7,2,0.4166666666666667,1.17,0.740204081632653,1.8973202041483044,3.302190888029625e-13,740.204081632653
23,7,3,0.43333333333333335,1.17,0.740204081632653,1.9035624889603082,3.3867214127766013e-13,740.204081632653
23,7,4,0.45,1.17,0.740204081632653,1.909062411438031,3.46858282480582e-13,740.204081632653
23,7,5,0.4666666666666667,1.17,0.740204081632653,1.9140736208242952,3.552237711252451e-13,740.204081632653
23,7,6,0.48333333333333334,1.17,0.740204081632653,1.9188827979496372,3.638589625855664e-13,740.204081632653
23,7,7,0.5,1.17,0.740204081632653,1.9232288477195354,3.723278769534821e-13,740.204081632653
24,1,1,0.4,0.6,0.7511224489795918,1.8194671079437157,1.9990335762400165e-13,751.1224489795918
24,1,2,0.4166666666666667,0.6,0.7511224489795918,1.8263876336632916,2.0456113802570513e-13,751.1224489795918
24,1,3,0.43333333333333335,0.6,0.7511224489795918,1.8328925572576382,2.094330358719281e-13,751.1224489795918
24,1,4,0.45,0.6,0.7511224489795918,1.8386278156049136,2.141705465241773e-13,751.1224489795918
24,1,5,0.4666666666666667,0.6,0.7511224489795918,1.8438641478442561,2.19003985523125e-13,751.1224489795918
24,1,6,0.48333333333333334,0.6,0.7511224489795918,1.8488932239020406,2.2405108160573354e-13,751.1224489795918
24,1,7,0.5,0.6,0.7511224489795918,1.8534559299749966,2.290868684083816e-13,751.1224489795918
24,2,1,0.4,0.695,0.7511224489795918,1.841889105740837,2.1694022453705783e-13,751.1224489795918
24,2,2,0.4166666666666667,0.695,0.7511224489795918,1.848775772339861,2.2213780443700132e-13,751.1224489795918
24,2,3,0.43333333333333335,0.695,0.7511224489795918,1.8552438178574011,2.275590872154062e-13,751.1224489795918
24,2,4,0.45,0.695,0.7511224489795918,1.8609458835798358,2.3282451815473747e-13,751.1224489795918
24,2,5,0.4666666666666667,0.695,0.7511224489795918,1.8661561900604615,2.3824128616877926e-13,751.1224489795918
24,2,6,0.48333333333333334,0.695,0.7511224489795918,1.8711526585578424,2.438273516820675e-13,751.1224489795918
24,2,7,0.5,0.695,0.7511224489795918,1.8756535903980034,2.492815865224323e-13,751.1224489795918
24,3,1,0.4,0.7899999999999999,0.7511224489795918,1.8572673436493363,2.3654950924103855e-13,751.1224489795918
24,3,2,0.4166666666666667,0.7899999999999999,0.7511224489795918,1.8641142732818714,2.4229832549336414e-13,751.1224489795918
24,3,3,0.43333333333333335,0.7899999999999999,0.7511224489795918,1.8705428469645384,2.4828684566236215e-13,751.1224489795918
24,3,4,0.45,0.7899999999999999,0.7511224489795918,1.8762092375239543,2.5409741878021004e-13,751.1224489795918
24,3,5,0.4666666666666667,0.7899999999999999,0.7511224489795918,1.8813874766757555,2.6007378717565855e-13,751.1224489795918
24,3,6,0.48333333333333334,0.7899999999999999,0.7511224489795918,1.886350468092081,2.6622887637486866e-13,751.1224489795918
24,3,7,0.5,0.7899999999999999,0.7511224489795918,1.8908283091901221,2.7224982918543033e-13,751.1224489795918
24,4,1,0.4,0.885,0.7511224489795918,1.8682544271178896,2.5804789225017074e-13,751.1224489795918
24,4,2,0.4166666666666667,0.885,0.7511224489795918,1.8750695226101415,2.643696603547352e-13,751.1224489795918
24,4,3,0.43333333333333335,0.885,0.7511224489795918,1.881468151099067,2.709542145032748e-13,751.1224489795918
24,4,4,0.45,0.885,0.7511224489795918,1.887107857425817,2.7733929560058585e-13,751.1224489795918
24,4,5,0.4666666666666667,0.885,0.7511224489795918,1.892251575240253,2.838534536663306e-13,751.1224489795918
24,4,6,0.48333333333333334,0.885,0.7511224489795918,1.8971895921884832,2.906122620080013e-13,751.1224489795918
24,4,7,0.5,0.885,0.7511224489795918,1.9016584296934333,2.97293858824616e-13,751.1224489795918
24,5,1,0.4,0.98,0.7511224489795918,1.8761777337951047,2.800440727586816e-13,751.1224489795918
24,5,2,0.4166666666666667,0.98,0.7511224489795918,1.8829710660777434,2.869517527839411e-13,751.1224489795918
24,5,3,0.43333333333333335,0.98,0.7511224489795918,1.8893486135840465,2.9414254185608547e-13,751.1224489795918
24,5,4,0.45,0.98,0.7511224489795918,1.894969442719066,3.0111238662292443e-13,751.1224489795918
24,5,5,0.4666666666666667,0.98,0.7511224489795918,1.9000971673068903,3.0822931632709847e-13,751.1224489795918
24,5,6,0.48333333333333334,0.98,0.7511224489795918,1.905018045644505,3.156014378373187e-13,751.1224489795918
24,5,7,0.5,0.98,0.7511224489795918,1.9094716421187143,3.228847302547293e-13,751.1224489795918
24,6,1,0.4,1.075,0.7511224489795918,1.8819945829586349,3.018650099112215e-13,751.1224489795918
24,6,2,0.4166666666666667,1.075,0.7511224489795918,1.8887752725430278,3.0936695902605195e-13,751.1224489795918
24,6,3,0.43333333333333335,1.075,0.7511224489795918,1.8951401078789138,3.1716973541072524e-13,751.1224489795918
24,6,4,0.45,1.075,0.7511224489795918,1.9007497252153798,3.2473085984905316e-13,751.1224489795918
24,6,5,0.4666666666666667,1.075,0.7511224489795918,1.9058673845258542,3.324674415139418e-13,751.1224489795918
24,6,6,0.48333333333333334,1.075,0.7511224489795918,1.9107781370882992,3.4045756133805383e-13,751.1224489795918
24,6,7,0.5,1.075,0.7511224489795918,1.9152156285828796,3.4829024181352764e-13,751.1224489795918
24,7,1,0.4,1.17,0.7511224489795918,1.8866114638366218,3.2472389217099605e-13,751.1224489795918
24,7,2,0.4166666666666667,1.17,0.7511224489795918,1.8933784693834623,3.328235933972048e-13,751.1224489795918
24,7,3,0.43333333333333335,1.17,0.7511224489795918,1.8997300809961055,3.412448085852782e-13,751.1224489795918
24,7,4,0.45,1.17,0.7511224489795918,1.9053279020887957,3.4940305847805223e-13,751.1224489795918
24,7,5,0.4666666666666667,1.17,0.7511224489795918,1.910435289434277,3.577538903166847e-13,751.1224489795918
24,7,6,0.48333333333333334,1.17,0.7511224489795918,1.9153353356464742,3.663716725138611e-13,751.1224489795918
24,7,7,0.5,1.17,0.7511224489795918,1.9197644783620977,3.748244226531785e-13,751.1224489795918
25,1,1,0.4,0.6,0.7620408163265306,1.8134896907031088,2.0277760824379467e-13,762.0408163265306
25,1,2,0.4166666666666667,0.6,0.7620408163265306,1.8205262491606615,2.0741819585843235e-13,762.0408163265306
25,1,3,0.43333333333333335,0.6,0.7620408163265306,1.8271435706952839,2.1227776010582364e-13,762.0408163265306
25,1,4,0.45,0.6,0.7620408163265306,1.8329798325810094,2.1700683405027286e-13,762.0408163265306
25,1,5,0.4666666666666667,0.6,0.7620408163265306,1.8383149589467187,2.218384331637798e-13,762.0408163265306
25,1,6,0.48333333333333334,0.6,0.7620408163265306,1.8434387115767756,2.2688742488145767e-13,762.0408163265306
25,1,7,0.5,0.6,0.7620408163265306,1.8480897800771081,2.319314476253391e-13,762.0408163265306
25,2,1,0.4,0.695,0.7620408163265306,1.836549535557744,2.1959670612291793e-13,762.0408163265306
25,2,2,0.4166666666666667,0.695,0.7620408163265306,1.8435524793865719,2.2477483876020843e-13,762.0408163265306
25,2,3,0.43333333333333335,0.695,0.7620408163265306,1.8501327911426935,2.301808863121444e-13,762.0408163265306
25,2,4,0.45,0.695,0.7620408163265306,1.855935627494071,2.3543477825078297e-13,762.0408163265306
25,2,5,0.4666666666666667,0.695,0.7620408163265306,1.8612456365184749,2.408509059692306e-13,762.0408163265306
25,2,6,0.48333333333333334,0.695,0.7620408163265306,1.8663361391437598,2.464347479298966e-13,762.0408163265306
25,2,7,0.5,0.695,0.7620408163265306,1.8709222455099859,2.5188678330750213e-13,762.0408163265306
25,3,1,0.4,0.7899999999999999,0.7620408163265306,1.8523712320961343,2.391109281014683e-13,762.0408163265306
25,3,2,0.4166666666666667,0.7899999999999999,0.7620408163265306,1.8593335362102206,2.448368390480243e-13,762.0408163265306
25,3,3,0.43333333333333335,0.7899999999999999,0.7620408163265306,1.8658733426474332,2.508063828768493e-13,762.0408163265306
25,3,4,0.45,0.7899999999999999,0.7620408163265306,1.8716394946878232,2.566016177264579e-13,762.0408163265306
25,3,5,0.4666666666666667,0.7899999999999999,0.7620408163265306,1.8769163193478138,2.6257382554232306e-13,762.0408163265306
25,3,6,0.48333333333333334,0.7899999999999999,0.7620408163265306,1.8819722544834532,2.687228512651478e-13,762.0408163265306
25,3,7,0.5,0.7899999999999999,0.7620408163265306,1.886534677732836,2.7473813473746806e-13,762.0408163265306
25,4,1,0.4,0.885,0.7620408163265306,1.8636753496932221,2.6058578245424077e-13,762.0408163265306
25,4,2,0.4166666666666667,0.885,0.7620408163265306,1.8706048562756465,2.668805240336291e-13,762.0408163265306
25,4,3,0.43333333333333335,0.885,0.7620408163265306,1.8771137613019757,2.7344198881415203e-13,762.0408163265306
25,4,4,0.45,0.885,0.7620408163265306,1.882852338916196,2.798076899424842e-13,762.0408163265306
25,4,5,0.4666666666666667,0.885,0.7620408163265306,1.8880929556619184,2.863114466439421e-13,762.0408163265306
25,4,6,0.48333333333333334,0.885,0.7620408163265306,1.8931230146484077,2.930605382132849e-13,762.0408163265306
25,4,7,0.5,0.885,0.7620408163265306,1.8976765651515353,2.9973641881412305e-13,762.0408163265306
25,5,1,0.4,0.98,0.7620408163265306,1.8718306259408752,2.826033230688791e-13,762.0408163265306
25,5,2,0.4166666666666667,0.98,0.7620408163265306,1.8787376853506916,2.8948042603402054e-13,762.0408163265306
25,5,3,0.43333333333333335,0.98,0.7620408163265306,1.8852248038461281,2.96644537686722e-13,762.0408163265306
25,5,4,0.45,0.98,0.7620408163265306,1.8909438464893007,3.035915397429867e-13,762.0408163265306
25,5,5,0.4666666666666667,0.98,0.7620408163265306,1.8961679461921614,3.1069549532816766e-13,762.0408163265306
25,5,6,0.48333333333333334,0.98,0.7620408163265306,1.9011802126457287,3.18054716664559e-13,762.0408163265306
25,5,7,0.5,0.98,0.7620408163265306,1.9057178729992243,3.2532897895923553e-13,762.0408163265306
25,6,1,0.4,1.075,0.7620408163265306,1.8778193589058254,3.0447221211716096e-13,762.0408163265306
25,6,2,0.4166666666666667,1.075,0.7620408163265306,1.8847133961149063,3.1194067972094575e-13,762.0408163265306
25,6,3,0.43333333333333335,1.075,0.7620408163265306,1.891187389387551,3.1971382968781923e-13,762.0408163265306
25,6,4,0.45,1.075,0.7620408163265306,1.8968948441256765,3.2724932905523433e-13,762.0408163265306
25,6,5,0.4666666666666667,1.075,0.7620408163265306,1.9021087170448217,3.349725655852296e-13,762.0408163265306
25,6,6,0.48333333333333334,1.075,0.7620408163265306,1.907110466214513,3.429471793478189e-13,762.0408163265306
25,6,7,0.5,1.075,0.7620408163265306,1.9116311392585406,3.5076549423112044e-13,762.0408163265306
25,7,1,0.4,1.17,0.7620408163265306,1.8825729828340425,3.2740196531241173e-13,762.0408163265306
25,7,2,0.4166666666666667,1.17,0.7620408163265306,1.889452841924055,3.354647279461276e-13,762.0408163265306
25,7,3,0.43333333333333335,1.17,0.7620408163265306,1.8959131134342757,3.438529020032261e-13,762.0408163265306
25,7,4,0.45,1.17,0.7620408163265306,1.9016083155497447,3.519822929217526e-13,762.0408163265306
25,7,5,0.4666666666666667,1.17,0.7620408163265306,1.9068114811538033,3.6031731542674493e-13,762.0408163265306
25,7,6,0.48333333333333334,1.17,0.7620408163265306,1.911802084880656,3.6891681020345085e-13,762.0408163265306
25,7,7,0.5,1.17,0.7620408163265306,1.916314080746047,3.7735263343356497e-13,762.0408163265306
26,1,1,0.4,0.6,0.7729591836734694,1.8075042844615679,2.0573067245185695e-13,772.9591836734694
26,1,2,0.4166666666666667,0.6,0.7729591836734694,1.8146557203717242,2.1035214766616335e-13,772.9591836734694
26,1,3,0.43333333333333335,0.6,0.7729591836734694,1.8213844919179538,2.1519772163974565e-13,772.9591836734694
26,1,4,0.45,0.6,0.7729591836734694,1.8273210220607616,2.1991702782875656e-13,772.9591836734694
26,1,5,0.4666666666666667,0.6,0.7729591836734694,1.8327542996424928,2.247453702095212e-13,772.9591836734694
26,1,6,0.48333333333333334,0.6,0.7729591836734694,1.8379722908468104,2.29795263502638e-13,772.9591836734694
26,1,7,0.5,0.6,0.7729591836734694,1.8427114875618538,2.348469148307246e-13,772.9591836734694
26,2,1,0.4,0.695,0.7729591836734694,1.8312086714290268,2.2231632173639245e-13,772.9591836734694
26,2,2,0.4166666666666667,0.695,0.7729591836734694,1.8383269363708337,2.2747340734777923e-13,772.9591836734694
26,2,3,0.43333333333333335,0.695,0.7729591836734694,1.8450187318296074,2.3286282903684833e-13,772.9591836734694
26,2,4,0.45,0.695,0.7729591836734694,1.850921737480078,2.381040684386012e-13,772.9591836734694
26,2,5,0.4666666666666667,0.695,0.7729591836734694,1.8563310231158787,2.4351850579313614e-13,772.9591836734694
26,2,6,0.48333333333333334,0.695,0.7729591836734694,1.8615152075724475,2.4909923930533454e-13,772.9591836734694
26,2,7,0.5,0.695,0.7729591836734694,1.8661861816433951,2.54548281757109e-13,772.9591836734694
26,3,1,0.4,0.7899999999999999,0.7729591836734694,1.8474791527498962,2.4172589930094093e-13,772.9591836734694
26,3,2,0.4166666666666667,0.7899999999999999,0.7729591836734694,1.85455594822808,2.4742744581004114e-13,772.9591836734694
26,3,3,0.43333333333333335,0.7899999999999999,0.7729591836734694,1.8612062612533424,2.533767365783031e-13,772.9591836734694
26,3,4,0.45,0.7899999999999999,0.7729591836734694,1.867071615163988,2.5915560869462816e-13,772.9591836734694
26,3,5,0.4666666666666667,0.7899999999999999,0.7729591836734694,1.8724466185429736,2.6512262639175767e-13,772.9591836734694
26,3,6,0.48333333333333334,0.7899999999999999,0.7729591836734694,1.877595167859536,2.7126474568653145e-13,772.9591836734694
26,3,7,0.5,0.7899999999999999,0.7729591836734694,1.8822419021528058,2.7727361177526054e-13,772.9591836734694
26,4,1,0.4,0.885,0.7729591836734694,1.8591043449300457,2.6317135038546243e-13,772.9591836734694
26,4,2,0.4166666666666667,0.885,0.7729591836734694,1.8661474068760269,2.694376647570407e-13,772.9591836734694
26,4,3,0.43333333333333335,0.885,0.7729591836734694,1.8727658825326858,2.759748104019926e-13,772.9591836734694
26,4,4,0.45,0.885,0.7729591836734694,1.8786027852507194,2.823201418684982e-13,772.9591836734694
26,4,5,0.4666666666666667,0.885,0.7729591836734694,1.8839398565701078,2.8881236210645414e-13,772.9591836734694
26,4,6,0.48333333333333334,0.885,0.7729591836734694,1.889061632483605,2.9555090793378966e-13,772.9591836734694
26,4,7,0.5,0.885,0.7729591836734694,1.893699675541747,3.0222045347699085e-13,772.9591836734694
26,5,1,0.4,0.98,0.7729591836734694,1.8674946577622062,2.8520623053436073e-13,772.9591836734694
26,5,2,0.4166666666666667,0.98,0.7729591836734694,1.8745146032830735,2.920513798197241e-13,772.9591836734694
26,5,3,0.43333333333333335,0.98,0.7729591836734694,1.8811105962401669,2.991875998585409e-13,772.9591836734694
26,5,4,0.45,0.98,0.7729591836734694,1.8869273115050658,3.0611078120816956e-13,772.9591836734694
26,5,5,0.4666666666666667,0.98,0.7729591836734694,1.8922473504585573,3.132006123316333e-13,772.9591836734694
26,5,6,0.48333333333333334,0.98,0.7729591836734694,1.89735067886199,3.2054609201512877e-13,772.9591836734694
26,5,7,0.5,0.98,0.7729591836734694,1.9019721754398657,3.278106777210879e-13,772.9591836734694
26,6,1,0.4,1.075,0.7729591836734694,1.873657596290326,3.071201828692588e-13,772.9591836734694
26,6,2,0.4166666666666667,1.075,0.7729591836734694,1.8806641511009718,3.145537921702074e-13,772.9591836734694
26,6,3,0.43333333333333335,1.075,0.7729591836734694,1.8872466129308416,3.2229609555512763e-13,772.9591836734694
26,6,4,0.45,1.075,0.7729591836734694,1.893051369001627,3.298049868746515e-13,772.9591836734694
26,6,5,0.4666666666666667,1.075,0.7729591836734694,1.898361040113445,3.37513760550076e-13,772.9591836734694
26,6,6,0.48333333333333334,1.075,0.7729591836734694,1.9034534591762038,3.454719968960232e-13,772.9591836734694
26,6,7,0.5,1.075,0.7729591836734694,1.9080570577439695,3.532751870219946e-13,772.9591836734694
26,7,1,0.4,1.17,0.7729591836734694,1.8785498693871723,3.301188932107362e-13,772.9591836734694
26,7,2,0.4166666666666667,1.17,0.7729591836734694,1.8855417529452032,3.3814331944869585e-13,772.9591836734694
26,7,3,0.43333333333333335,1.17,0.7729591836734694,1.8921099936220864,3.464972096055294e-13,772.9591836734694
26,7,4,0.45,1.17,0.7729591836734694,1.8979020380669454,3.5459673927613844e-13,772.9591836734694
26,7,5,0.4666666666666667,1.17,0.7729591836734694,1.903200561350595,3.6291478465966146e-13,772.9591836734694
26,7,6,0.48333333333333334,1.17,0.7729591836734694,1.9082813908896645,3.7149508869095583e-13,772.9591836734694
26,7,7,0.5,1.17,0.7729591836734694,1.9128759816904866,3.799131988739929e-13,772.9591836734694
27,1,1,0.4,0.6,0.7838775510204081,1.8015098931406983,2.0876525102451116e-13,783.8775510204081
27,1,2,0.4166666666666667,0.6,0.7838775510204081,1.808774987048219,2.1336555947795386e-13,783.8775510204081
27,1,3,0.43333333333333335,0.6,0.7838775510204081,1.8156142024173496,2.181953674624006e-13,783.8775510204081
27,1,4,0.45,0.6,0.7838775510204081,1.8216502159942347,2.2290347467044416e-13,783.8775510204081
27,1,5,0.4666666666666667,0.6,0.7838775510204081,1.8271809526744125,2.2772705383057627e-13,783.8775510204081
27,1,6,0.48333333333333334,0.6,0.7838775510204081,1.8324927024805817,2.327767770391353e-13,783.8775510204081
27,1,7,0.5,0.6,0.7838775510204081,1.837319760148871,2.378353916513581e-13,783.8775510204081
27,2,1,0.4,0.695,0.7838775510204081,1.8258653042828437,2.2510105769761368e-13,783.8775510204081
27,2,2,0.4166666666666667,0.695,0.7838775510204081,1.8330978893230712,2.302354020770136e-13,783.8775510204081
27,2,3,0.43333333333333335,0.695,0.7838775510204081,1.839900344708615,2.3560672348001854e-13,783.8775510204081
27,2,4,0.45,0.695,0.7838775510204081,1.8459028829608195,2.4083412588853037e-13,783.8775510204081
27,2,5,0.4666666666666667,0.695,0.7838775510204081,1.8514109872933315,2.4624577124237785e-13,783.8775510204081
27,2,6,0.48333333333333334,0.695,0.7838775510204081,1.8566884702404411,2.5182245604712293e-13,783.8775510204081
27,2,7,0.5,0.695,0.7838775510204081,1.8614439763640387,2.5726766114057293e-13,783.8775510204081
27,3,1,0.4,0.7899999999999999,0.7838775510204081,1.8425898005872468,2.443959799294013e-13,783.8775510204081
27,3,2,0.4166666666666667,0.7899999999999999,0.7838775510204081,1.8497801688009425,2.5007162933903355e-13,783.8775510204081
27,3,3,0.43333333333333335,0.7899999999999999,0.7838775510204081,1.856540229213964,2.55999324832046e-13,783.8775510204081
27,3,4,0.45,0.7899999999999999,0.7838775510204081,1.8625041967728815,2.6176075384233686e-13,783.8775510204081
27,3,5,0.4666666666666667,0.7899999999999999,0.7838775510204081,1.867976945404572,2.6772151339175953e-13,783.8775510204081
27,3,6,0.48333333333333334,0.7899999999999999,0.7838775510204081,1.8732177535815653,2.7385584013500285e-13,783.8775510204081
27,3,7,0.5,0.7899999999999999,0.7838775510204081,1.8779485040460044,2.798575011889226e-13,783.8775510204081
27,4,1,0.4,0.885,0.7838775510204081,1.8545400595526282,2.6580587279741185e-13,783.8775510204081
27,4,2,0.4166666666666667,0.885,0.7838775510204081,1.8616957906662044,2.72042297509654e-13,783.8775510204081
27,4,3,0.43333333333333335,0.885,0.7838775510204081,1.8684231024116156,2.7855383902790084e-13,783.8775510204081
27,4,4,0.45,0.885,0.7838775510204081,1.8743577590402856,2.848777634859488e-13,783.8775510204081
27,4,5,0.4666666666666667,0.885,0.7838775510204081,1.8797908154977052,2.9135727918848747e-13,783.8775510204081
27,4,6,0.48333333333333334,0.885,0.7838775510204081,1.8850039602643764,2.980844141875471e-13,783.8775510204081
27,4,7,0.5,0.885,0.7838775510204081,1.889726255609833,3.0474697541059926e-13,783.8775510204081
27,5,1,0.4,0.98,0.7838775510204081,1.8631684483668594,2.8785388923707944e-13,783.8775510204081
27,5,2,0.4166666666666667,0.98,0.7838775510204081,1.8703004115695228,2.9466565438554067e-13,783.8775510204081
27,5,3,0.43333333333333335,0.98,0.7838775510204081,1.8770045564749789,3.017727203296764e-13,783.8775510204081
27,5,4,0.45,0.98,0.7838775510204081,1.8829183806293541,3.08671060941244e-13,783.8775510204081
27,5,5,0.4666666666666667,0.98,0.7838775510204081,1.8883338999826365,3.157455907907703e-13,783.8775510204081
27,5,6,0.48333333333333334,0.98,0.7838775510204081,1.8935279428397878,3.2307645583251345e-13,783.8775510204081
27,5,7,0.5,0.98,0.7838775510204081,1.898233029322496,3.3033069132749117e-13,783.8775510204081
27,6,1,0.4,1.075,0.7838775510204081,1.8695078973810115,3.09809897845437e-13,783.8775510204081
27,6,2,0.4166666666666667,1.075,0.7838775510204081,1.8766261143100689,3.1720722385716883e-13,783.8775510204081
27,6,3,0.43333333333333335,1.075,0.7838775510204081,1.8833163310239578,3.249174171647958e-13,783.8775510204081
27,6,4,0.45,1.075,0.7838775510204081,1.8892178309024132,3.323986794547156e-13,783.8775510204081
27,6,5,0.4666666666666667,1.075,0.7838775510204081,1.8946228637382856,3.400918522361956e-13,783.8775510204081
27,6,6,0.48333333333333334,1.075,0.7838775510204081,1.8998056056610901,3.480328115380881e-13,783.8775510204081
27,6,7,0.5,1.075,0.7838775510204081,1.9044918550889485,3.5582009169047587e-13,783.8775510204081
27,7,1,0.4,1.17,0.7838775510204081,1.8745407156671607,3.3287556198110437e-13,783.8775510204081
27,7,2,0.4166666666666667,1.17,0.7838775510204081,1.881643770441273,3.408602095623474e-13,783.8775510204081
27,7,3,0.43333333333333335,1.17,0.7838775510204081,1.8883192663602197,3.491785329850889e-13,783.8775510204081
27,7,4,0.45,1.17,0.7838775510204081,1.8942075938740788,3.572471636978572e-13,783.8775510204081
27,7,5,0.4666666666666667,1.17,0.7838775510204081,1.8996010338942337,3.655470471737489e-13,783.8775510204081
27,7,6,0.48333333333333334,1.17,0.7838775510204081,1.9047717378842015,3.741072311518114e-13,783.8775510204081
27,7,7,0.5,1.17,0.7838775510204081,1.9094486473962284,3.8250681805274125e-13,783.8775510204081
28,1,1,0.4,0.6,0.794795918367347,1.795505670297542,2.1188414747085875e-13,794.795918367347
28,1,2,0.4166666666666667,0.6,0.794795918367347,1.8028831369170442,2.1646109118073872e-13,794.795918367347
28,1,3,0.43333333333333335,0.6,0.794795918367347,1.809831730176526,2.21273230761305e-13,794.795918367347
28,1,4,0.45,0.6,0.794795918367347,1.8159663915808861,2.2596860137199887e-13,794.795918367347
28,1,5,0.4666666666666667,0.6,0.794795918367347,1.8215938448686009,2.3078581459874086e-13,794.795918367347
28,1,6,0.48333333333333334,0.6,0.794795918367347,1.8269988303436,2.3583421356063727e-13,794.795918367347
28,1,7,0.5,0.6,0.794795918367347,1.8319134478753238,2.408990647232659e-13,794.795918367347
28,2,1,0.4,0.695,0.794795918367347,1.8205183615147709,2.2795296689531743e-13,794.795918367347
28,2,2,0.4166666666666667,0.695,0.794795918367347,1.8278642202232194,2.33062776071835e-13,794.795918367347
28,2,3,0.43333333333333335,0.695,0.794795918367347,1.8347764700652387,2.3841443436921395e-13,794.795918367347
28,2,4,0.45,0.695,0.794795918367347,1.8408778684774756,2.4362674068718756e-13,794.795918367347
28,2,5,0.4666666666666667,0.695,0.794795918367347,1.846484301323229,2.490344371716713e-13,794.795918367347
28,2,6,0.48333333333333334,0.695,0.794795918367347,1.8518546681004684,2.546060746079527e-13,794.795918367347
28,2,7,0.5,0.695,0.794795918367347,1.8566943415393542,2.6004654422700363e-13,794.795918367347
28,3,1,0.4,0.7899999999999999,0.794795918367347,1.8377020011064793,2.4712277366985505e-13,794.795918367347
28,3,2,0.4166666666666667,0.7899999999999999,0.794795918367347,1.8450049879447032,2.527709161604158e-13,794.795918367347
28,3,3,0.43333333333333335,0.7899999999999999,0.794795918367347,1.8518740035466823,2.586756055208058e-13,794.795918367347
28,3,4,0.45,0.7899999999999999,0.794795918367347,1.857935967954165,2.644184526255203e-13,794.795918367347
28,3,5,0.4666666666666667,0.7899999999999999,0.794795918367347,1.863506001765571,2.703718447267584e-13,794.795918367347
28,3,6,0.48333333333333334,0.7899999999999999,0.794795918367347,1.8688386877612415,2.7649744751944304e-13,794.795918367347
28,3,7,0.5,0.7899999999999999,0.794795918367347,1.873653135804035,2.824910744471103e-13,794.795918367347
28,4,1,0.4,0.885,0.794795918367347,1.8499812677443503,2.684906612260884e-13,794.795918367347
28,4,2,0.4166666666666667,0.885,0.794795918367347,1.857248751680032,2.746956693979974e-13,794.795918367347
28,4,3,0.43333333333333335,0.885,0.794795918367347,1.8640841366332888,2.8118026426887966e-13,794.795918367347
28,4,4,0.45,0.885,0.794795918367347,1.870115951220706,2.874816949000864e-13,794.795918367347
28,4,5,0.4666666666666667,0.885,0.794795918367347,1.8756444985474545,2.939473026152779e-13,794.795918367347
28,4,6,0.48333333333333334,0.885,0.794795918367347,1.8809486413705114,3.006621240397996e-13,794.795918367347
28,4,7,0.5,0.885,0.794795918367347,1.8857549291322093,3.0731702007292836e-13,794.795918367347
28,5,1,0.4,0.98,0.794795918367347,1.8588507425699157,2.905474200140898e-13,794.795918367347
28,5,2,0.4166666666666667,0.98,0.794795918367347,1.8660938281022101,2.9732431466759913e-13,794.795918367347
28,5,3,0.43333333333333335,0.98,0.794795918367347,1.8729053769044692,3.044009139657672e-13,794.795918367347
28,5,4,0.45,0.98,0.794795918367347,1.8789157237487828,3.11273350392793e-13,794.795918367347
28,5,5,0.4666666666666667,0.98,0.794795918367347,1.8844262420280193,3.18331373617847e-13,794.795918367347
28,5,6,0.48333333333333334,0.98,0.794795918367347,1.889710630856595,3.2564671830925385e-13,794.795918367347
28,5,7,0.5,0.98,0.794795918367347,1.8944990425670396,3.328899018899039e-13,794.795918367347
28,6,1,0.4,1.075,0.794795918367347,1.8653689890899647,3.125423536397964e-13,794.795918367347
28,6,2,0.4166666666666667,1.075,0.794795918367347,1.8725979877895051,3.199019214973398e-13,794.795918367347
28,6,3,0.43333333333333335,1.075,0.794795918367347,1.8793952219621006,3.2757869644789e-13,794.795918367347
28,6,4,0.45,1.075,0.794795918367347,1.885392887124414,3.350312696215123e-13,794.795918367347
28,6,5,0.4666666666666667,1.075,0.794795918367347,1.890892824608862,3.427076813351086e-13,794.795918367347
28,6,6,0.48333333333333334,1.075,0.794795918367347,1.8961655224477327,3.5063043468211285e-13,794.795918367347
28,6,7,0.5,1.075,0.794795918367347,1.9009341297871585,3.5840099276896176e-13,794.795918367347
28,7,1,0.4,1.17,0.794795918367347,1.870544237773973,3.3567287456877755e-13,794.795918367347
28,7,2,0.4166666666666667,1.17,0.794795918367347,1.877757587003745,3.4361625537323683e-13,794.795918367347
28,7,3,0.43333333333333335,1.17,0.794795918367347,1.8845396016532707,3.5189768795848396e-13,794.795918367347
28,7,4,0.45,1.17,0.794795918367347,1.8905236329204758,3.599343456798771e-13,794.795918367347
28,7,5,0.4666666666666667,1.17,0.794795918367347,1.8960115288635673,3.6821486375398075e-13,794.795918367347
28,7,6,0.48333333333333334,1.17,0.794795918367347,1.9012717367366874,3.7675397153523784e-13,794.795918367347
28,7,7,0.5,1.17,0.794795918367347,1.906030671118247,3.8513420014401263e-13,794.795918367347
29,1,1,0.4,0.6,0.8057142857142857,1.7894909093587514,2.1509027330130545e-13,805.7142857142857
29,1,2,0.4166666666666667,0.6,0.8057142857142857,1.7969793957894529,2.196415010961746e-13,805.7142857142857
29,1,3,0.43333333333333335,0.6,0.8057142857142857,1.8040362396660905,2.2443393492050884e-13,805.7142857142857
29,1,4,0.45,0.6,0.8057142857142857,1.8102686611706962,2.2911491825086075e-13,805.7142857142857
29,1,5,0.4666666666666667,0.6,0.8057142857142857,1.8159920369490825,2.339240596137919e-13,805.7142857142857
29,1,6,0.48333333333333334,0.6,0.8057142857142857,1.8214896911329632,2.3896989242452196e-13,805.7142857142857
29,1,7,0.5,0.6,0.8057142857142857,1.8264915327600861,2.4404018824556715e-13,805.7142857142857
29,2,1,0.4,0.695,0.8057142857142857,1.8151668965656225,2.3087417186308236e-13,805.7142857142857
29,2,2,0.4166666666666667,0.695,0.8057142857142857,1.8226249365055072,2.359575464279874e-13,805.7142857142857
29,2,3,0.43333333333333335,0.695,0.8057142857142857,1.8296460731193158,2.4128788549810924e-13,805.7142857142857
29,2,4,0.45,0.695,0.8057142857142857,1.8358456230739404,2.4648375802608847e-13,805.7142857142857
29,2,5,0.4666666666666667,0.695,0.8057142857142857,1.8415498616436454,2.5188628972535614e-13,805.7142857142857
29,2,6,0.48333333333333334,0.695,0.8057142857142857,1.84701266594963,2.5745181951425124e-13,805.7142857142857
29,2,7,0.5,0.695,0.8057142857142857,1.8519361125873772,2.6288659898350924e-13,805.7142857142857
29,3,1,0.4,0.7899999999999999,0.8057142857142857,1.8328146996368846,2.4990793286635773e-13,805.7142857142857
29,3,2,0.4166666666666667,0.7899999999999999,0.8057142857142857,1.840229315483848,2.555268776175836e-13,805.7142857142857
29,3,3,0.43333333333333335,0.7899999999999999,0.8057142857142857,1.847206461067144,2.614070780134294e-13,805.7142857142857
29,3,4,0.45,0.7899999999999999,0.8057142857142857,1.8533657769413687,2.6713014331534953e-13,805.7142857142857
29,3,5,0.4666666666666667,0.7899999999999999,0.8057142857142857,1.8590326092882996,2.7307501453736163e-13,805.7142857142857
29,3,6,0.48333333333333334,0.7899999999999999,0.8057142857142857,1.8644567663687572,2.791909144910552e-13,805.7142857142857
29,3,7,0.5,0.7899999999999999,0.8057142857142857,1.8693545696948974,2.851756348259297e-13,805.7142857142857
29,4,1,0.4,0.885,0.8057142857142857,1.845426860331321,2.7122706346990205e-13,805.7142857142857
29,4,2,0.4166666666666667,0.885,0.8057142857142857,1.8528051508731427,2.773990609792398e-13,805.7142857142857
29,4,3,0.43333333333333335,0.885,0.8057142857142857,1.8597478180729154,2.8385530671700897e-13,805.7142857142857
29,4,4,0.45,0.885,0.8057142857142857,1.8658761701293285,2.901331053033864e-13,805.7142857142857
29,4,5,0.4666666666666667,0.885,0.8057142857142857,1.8714996894410667,2.9658356374662916e-13,805.7142857142857
29,4,6,0.48333333333333334,0.885,0.8057142857142857,1.8768944370152183,3.0328512956932357e-13,805.7142857142857
29,4,7,0.5,0.885,0.8057142857142857,1.8817844379182005,3.0993164668461625e-13,805.7142857142857
29,5,1,0.4,0.98,0.8057142857142857,1.854540400011092,2.932879716074354e-13,805.7142857142857
29,5,2,0.4166666666666667,0.98,0.8057142857142857,1.8618936860527462,3.0002845132908845e-13,805.7142857142857
29,5,3,0.43333333333333335,0.98,0.8057142857142857,1.8688118655782242,3.0707321947672943e-13,805.7142857142857
29,5,4,0.45,0.98,0.8057142857142857,1.874918126798242,3.139186433923214e-13,805.7142857142857
29,5,5,0.4666666666666667,0.98,0.8057142857142857,1.8805231402463016,3.209589240186609e-13,805.7142857142857
29,5,6,0.48333333333333334,0.98,0.8057142857142857,1.8858974859001112,3.2825780866277377e-13,805.7142857142857
29,5,7,0.5,0.98,0.8057142857142857,1.8907689400920766,3.35489209569194e-13,805.7142857142857
29,6,1,0.4,1.075,0.8057142857142857,1.8612397120520832,3.1531856874116137e-13,805.7142857142857
29,6,2,0.4166666666666667,1.075,0.8057142857142857,1.8685785878721737,3.2263885192560444e-13,805.7142857142857
29,6,3,0.43333333333333335,1.075,0.8057142857142857,1.8754820788390265,3.3028085392275064e-13,805.7142857142857
29,6,4,0.45,1.075,0.8057142857142857,1.8815753101962591,3.377036376180115e-13,805.7142857142857
29,6,5,0.4666666666666667,1.075,0.8057142857142857,1.8871696750710514,3.453621041475681e-13,805.7142857142857
29,6,6,0.48333333333333334,1.075,0.8057142857142857,1.8925319423591542,3.5326569228810933e-13,805.7142857142857
29,6,7,0.5,1.075,0.8057142857142857,1.8973825967129962,3.610186884724543e-13,805.7142857142857
29,7,1,0.4,1.17,0.8057142857142857,1.8665592647914853,3.385117515950336e-13,805.7142857142857
29,7,2,0.4166666666666667,1.17,0.8057142857142857,1.8738820088458104,3.4641233016549606e-13,805.7142857142857
29,7,3,0.43333333333333335,1.17,0.8057142857142857,1.8807697837075086,3.546555052687736e-13,805.7142857142857
29,7,4,0.45,1.17,0.8057142857142857,1.886848919846894,3.626590786935286e-13,805.7142857142857
29,7,5,0.4666666666666667,1.17,0.8057142857142857,1.8924307915022622,3.709190074748641e-13,805.7142857142857
29,7,6,0.48333333333333334,1.17,0.8057142857142857,1.8977801139184145,3.794360551887573e-13,805.7142857142857
29,7,7,0.5,1.17,0.8057142857142857,1.9026207620870683,3.877960650043195e-13,805.7142857142857
30,1,1,0.4,0.6,0.8166326530612245,1.7834650350056422,2.1838665366172647e-13,816.6326530612245
30,1,2,0.4166666666666667,0.6,0.8166326530612245,1.7910631188185036,2.229096508596278e-13,816.6326530612245
30,1,3,0.43333333333333335,0.6,0.8166326530612245,1.7982270229859634,2.2768019776906194e-13,816.6326530612245
30,1,4,0.45,0.6,0.8166326530612245,1.8045562633087815,2.323450228917948e-13,816.6326530612245
30,1,5,0.4666666666666667,0.6,0.8166326530612245,1.8103747144938322,2.37144275802036e-13,816.6326530612245
30,1,6,0.48333333333333334,0.6,0.8166326530612245,1.8159644252509952,2.4218620720820623e-13,816.6326530612245
30,1,7,0.5,0.6,0.8166326530612245,1.82105311960519,2.4726108666027554e-13,816.6326530612245
30,2,1,0.4,0.695,0.8166326530612245,1.8098100796212655,2.338668680046628e-13,816.6326530612245
30,2,2,0.4166666666666667,0.695,0.8166326530612245,1.8173791616844006,2.3892179706234756e-13,816.6326530612245
30,2,3,0.43333333333333335,0.695,0.8166326530612245,1.8245082345846833,2.442290622593008e-13,816.6326530612245
30,2,4,0.45,0.695,0.8166326530612245,1.830805190801279,2.4940708047862735e-13,816.6326530612245
30,2,5,0.4666666666666667,0.695,0.8166326530612245,1.8366066793116447,2.5480316844641275e-13,816.6326530612245
30,2,6,0.48333333333333334,0.695,0.8166326530612245,1.8421614428363624,2.603614652868619e-13,816.6326530612245
30,2,7,0.5,0.695,0.8166326530612245,1.8471682388440829,2.6578954032470225e-13,816.6326530612245
30,3,1,0.4,0.7899999999999999,0.8166326530612245,1.8279269517598435,2.5275316066727277e-13,816.6326530612245
30,3,2,0.4166666666666667,0.7899999999999999,0.8166326530612245,1.8354521714214282,2.583411317871064e-13,816.6326530612245
30,3,3,0.43333333333333335,0.7899999999999999,0.8166326530612245,1.8425365887137926,2.641952848865474e-13,816.6326530612245
30,3,4,0.45,0.7899999999999999,0.8166326530612245,1.8487925820486195,2.698973045606434e-13,816.6326530612245
30,3,5,0.4666666666666667,0.7899999999999999,0.8166326530612245,1.8545556997161807,2.7583245439484614e-13,816.6326530612245
30,3,6,0.48333333333333334,0.7899999999999999,0.8166326530612245,1.8600708954526841,2.819376228019914e-13,816.6326530612245
30,3,7,0.5,0.7899999999999999,0.8166326530612245,1.8650516880556887,2.879125186623486e-13,816.6326530612245
30,4,1,0.4,0.885,0.8166326530612245,1.8408758350734944,2.7401646511341313e-13,816.6326530612245
30,4,2,0.4166666666666667,0.885,0.8166326530612245,1.848363956373671,2.801537876270642e-13,816.6326530612245
30,4,3,0.43333333333333335,0.885,0.8166326530612245,1.8554130870013201,2.8658021921023973e-13,816.6326530612245
30,4,4,0.45,0.885,0.8166326530612245,1.8616373316902326,2.928331940926681e-13,816.6326530612245
30,4,5,0.4666666666666667,0.885,0.8166326530612245,1.8673552796770936,2.9926722164008425e-13,816.6326530612245
30,4,6,0.48333333333333334,0.885,0.8166326530612245,1.8728402163780002,3.0595454885080685e-13,816.6326530612245
30,4,7,0.5,0.885,0.8166326530612245,1.8778136319215193,3.125919391450767e-13,816.6326530612245
30,5,1,0.4,0.98,0.8166326530612245,1.850236385377799,2.9607672183876795e-13,816.6326530612245
30,5,2,0.4166666666666667,0.98,0.8166326530612245,1.8576989240603878,3.0277918181651596e-13,816.6326530612245
30,5,3,0.43333333333333335,0.98,0.8166326530612245,1.864722936398811,3.0979070037122717e-13,816.6326530612245
30,5,4,0.45,0.98,0.8166326530612245,1.8709244818928108,3.16607957015055e-13,816.6326530612245
30,5,5,0.4666666666666667,0.98,0.8166326530612245,1.876623464785509,3.236292263352636e-13,816.6326530612245
30,5,6,0.48333333333333334,0.98,0.8166326530612245,1.8820873577552122,3.309106759175408e-13,816.6326530612245
30,5,7,0.5,0.98,0.8166326530612245,1.8870415538835061,3.3812953330610633e-13,816.6326530612245
30,6,1,0.4,1.075,0.8166326530612245,1.857119010809438,3.1813958452210805e-13,816.6326530612245
30,6,2,0.4166666666666667,1.075,0.8166326530612245,1.8645668353291436,3.2541900299145736e-13,816.6326530612245
30,6,3,0.43333333333333335,1.075,0.8166326530612245,1.8715757996715734,3.330248295094001e-13,816.6326530612245
30,6,4,0.45,1.075,0.8166326530612245,1.8777639779802102,3.404166818473178e-13,816.6326530612245
30,6,5,0.4666666666666667,1.075,0.8166326530612245,1.8834522732072498,3.480559933270033e-13,816.6326530612245
30,6,6,0.48333333333333334,1.075,0.8166326530612245,1.8889037043236363,3.559394255639433e-13,816.6326530612245
30,6,7,0.5,1.075,0.8166326530612245,1.8938360771657998,3.6367399134916844e-13,816.6326530612245
30,7,1,0.4,1.17,0.8166326530612245,1.8625847289469726,3.4139313220552766e-13,816.6326530612245
30,7,2,0.4166666666666667,1.17,0.8166326530612245,1.8700159459320278,3.4924932419146903e-13,816.6326530612245
30,7,3,0.43333333333333335,1.17,0.8166326530612245,1.8770087010343828,3.5745283128812016e-13,816.6326530612245
30,7,4,0.45,1.17,0.8166326530612245,1.8831823240674028,3.6542217083008506e-13,816.6326530612245
30,7,5,0.4666666666666667,1.17,0.8166326530612245,1.8888576722808914,3.7366026435585977e-13,816.6326530612245
30,7,6,0.48333333333333334,1.17,0.8166326530612245,1.8942957015434367,3.821542394745524e-13,816.6326530612245
30,7,7,0.5,1.17,0.8166326530612245,1.8992177355373494,3.90493143750508e-13,816.6326530612245
31,1,1,0.4,0.6,0.8275510204081633,1.777427595587362,2.217764333718733e-13,827.5510204081633
31,1,2,0.4166666666666667,0.6,0.8275510204081633,1.7851337827818956,2.262685106329157e-13,827.5510204081633
31,1,3,0.43333333333333335,0.6,0.8275510204081633,1.7924034920301177,2.3101483610622895e-13,827.5510204081633
31,1,4,0.45,0.6,0.8275510204081633,1.7988285548004916,2.35661604126908e-13,827.5510204081633
31,1,5,0.4666666666666667,0.6,0.8275510204081633,1.804741179909273,2.404490334055597e-13,827.5510204081633
31,1,6,0.48333333333333334,0.6,0.8275510204081633,1.8104222886954517,2.4548562880162203e-13,827.5510204081633
31,1,7,0.5,0.6,0.8275510204081633,1.81559742781142,2.5056415747159296e-13,827.5510204081633
31,2,1,0.4,0.695,0.8275510204081633,1.8044471893105942,2.369333269811867e-13,827.5510204081633
31,2,2,0.4166666666666667,0.695,0.8275510204081633,1.812126126978262,2.419576816969223e-13,827.5510204081633
31,2,3,0.43333333333333335,0.695,0.8275510204081633,1.819362142226069,2.472400142896922e-13,827.5510204081633
31,2,4,0.45,0.695,0.8275510204081633,1.8257557222185306,2.523986703729209e-13,827.5510204081633
31,2,5,0.4666666666666667,0.695,0.8275510204081633,1.8316538714521644,2.5778696846456086e-13,827.5510204081633
31,2,6,0.48333333333333334,0.695,0.8275510204081633,1.837300083462402,2.6333683842858133e-13,827.5510204081633
31,2,7,0.5,0.695,0.8275510204081633,1.8423897749253146,2.687571319186779e-13,827.5510204081633
31,3,1,0.4,0.7899999999999999,0.8275510204081633,1.8230379147174638,2.5566021324997843e-13,827.5510204081633
31,3,2,0.4166666666666667,0.7899999999999999,0.8275510204081633,1.8306726772969302,2.6121534546216826e-13,827.5510204081633
31,3,3,0.43333333333333335,0.7899999999999999,0.8275510204081633,1.8378634748602438,2.670418137036868e-13,827.5510204081633
31,3,4,0.45,0.7899999999999999,0.8275510204081633,1.8442154429451325,2.7272145699972417e-13,827.5510204081633
31,3,5,0.4666666666666667,0.7899999999999999,0.8275510204081633,1.8500743061131735,2.786456348145436e-13,827.5510204081633
31,3,6,0.48333333333333334,0.7899999999999999,0.8275510204081633,1.8556800823477055,2.847389906966687e-13,827.5510204081633
31,3,7,0.5,0.7899999999999999,0.8275510204081633,1.8607434744730331,2.907030966352961e-13,827.5510204081633
31,4,1,0.4,0.885,0.8275510204081633,1.8363272879392103,2.7686029109830747e-13,827.5510204081633
31,4,2,0.4166666666666667,0.885,0.8275510204081633,1.8439242347169487,2.829612009376347e-13,827.5510204081633
31,4,3,0.43333333333333335,0.885,0.8275510204081633,1.851078982284106,2.8935628809740643e-13,827.5510204081633
31,4,4,0.45,0.885,0.8275510204081633,1.8573984505840038,2.955831920162793e-13,827.5510204081633
31,4,5,0.4666666666666667,0.885,0.8275510204081633,1.8632102596736553,3.0199946413575503e-13,827.5510204081633
31,4,6,0.48333333333333334,0.885,0.8275510204081633,1.8687849477226202,3.086715269554867e-13,827.5510204081633
31,4,7,0.5,0.885,0.8275510204081633,1.8738414603368219,3.1529900696468765e-13,827.5510204081633
31,5,1,0.4,0.98,0.8275510204081633,1.8459377596097286,2.989148788111579e-13,827.5510204081633
31,5,2,0.4166666666666667,0.98,0.8275510204081633,1.8535085774022908,3.0557765143899024e-13,827.5510204081633
31,5,3,0.43333333333333335,0.98,0.8275510204081633,1.8606376002617315,3.125544459307039e-13,827.5510204081633
31,5,4,0.45,0.98,0.8275510204081633,1.8669337784425588,3.1934233246611864e-13,827.5510204081633
31,5,5,0.4666666666666667,0.98,0.8275510204081633,1.872726183381766,3.263432868989512e-13,827.5510204081633
31,5,6,0.48333333333333334,0.98,0.8275510204081633,1.878279194074624,3.336062896954116e-13,827.5510204081633
31,5,7,0.5,0.98,0.8275510204081633,1.883315814047049,3.408118115587624e-13,827.5510204081633
31,6,1,0.4,1.075,0.8275510204081633,1.8530059249762538,3.2100646624077724e-13,827.5510204081633
31,6,2,0.4166666666666667,1.075,0.8275510204081633,1.8605617465034703,3.2824338446438514e-13,827.5510204081633
31,6,3,0.43333333333333335,1.075,0.8275510204081633,1.867675378505957,3.358115833519288e-13,827.5510204081633
31,6,4,0.45,1.075,0.8275510204081633,1.8739578647558226,3.4317131962269675e-13,827.5510204081633
31,6,5,0.4666666666666667,1.075,0.8275510204081633,1.8797395738991034,3.5079023862321984e-13,827.5510204081633
31,6,6,0.48333333333333334,1.075,0.8275510204081633,1.8852797444184206,3.586524916601817e-13,827.5510204081633
31,6,7,0.5,1.075,0.8275510204081633,1.8902934898972976,3.663677289292132e-13,827.5510204081633
31,7,1,0.4,1.17,0.8275510204081633,1.8586196567505484,3.4431797492320896e-13,827.5510204081633
31,7,2,0.4166666666666667,1.17,0.8275510204081633,1.8661584030887148,3.5212814544495126e-13,827.5510204081633
31,7,3,0.43333333333333335,1.17,0.8275510204081633,1.873255337535133,3.602905287222311e-13,827.5510204081633
31,7,4,0.45,1.17,0.8275510204081633,1.8795228108330173,3.682244454436241e-13,827.5510204081633
31,7,5,0.4666666666666667,1.17,0.8275510204081633,1.8852911179410876,3.764394340117136e-13,827.5510204081633
31,7,6,0.48333333333333334,1.17,0.8275510204081633,1.8908174283951389,3.849092943797352e-13,827.5510204081633
31,7,7,0.5,1.17,0.8275510204081633,1.8958205037192184,3.932261793313802e-13,827.5510204081633
32,1,1,0.4,0.6,0.8384693877551019,1.7713782564551876,2.2526288341062581e-13,838.4693877551019
32,1,2,0.4166666666666667,0.6,0.8384693877551019,1.7791909792835343,2.297211646857058e-13,838.4693877551019
32,1,3,0.43333333333333335,0.6,0.8384693877551019,1.7865651715671835,2.3444077053222333e-13,838.4693877551019
32,1,4,0.45,0.6,0.8384693877551019,1.793085003690071,2.390674462732331e-13,838.4693877551019
32,1,5,0.4666666666666667,0.6,0.8384693877551019,1.7990908453163827,2.4384098968258513e-13,838.4693877551019
32,1,6,0.48333333333333334,0.6,0.8384693877551019,1.8048626458588266,2.4887070867714515e-13,838.4693877551019
32,1,7,0.5,0.6,0.8384693877551019,1.81012378410084,2.539518742196878e-13,838.4693877551019
32,2,1,0.4,0.695,0.8384693877551019,1.7990776052937807,2.400759002737434e-13,838.4693877551019
32,2,2,0.4166666666666667,0.695,0.8384693877551019,1.8068651638225521,2.450674269887327e-13,838.4693877551019
32,2,3,0.43333333333333335,0.695,0.8384693877551019,1.8142070833047044,2.503228582378037e-13,838.4693877551019
32,2,4,0.45,0.695,0.8384693877551019,1.820696466781784,2.5546055226840305e-13,838.4693877551019
32,2,5,0.4666666666666667,0.695,0.8384693877551019,1.826690653594462,2.60839642770531e-13,838.4693877551019
32,2,6,0.48333333333333334,0.695,0.8384693877551019,1.8324277704717562,2.663798194846578e-13,838.4693877551019
32,2,7,0.5,0.695,0.8384693877551019,1.8375998729751684,2.717911880547837e-13,838.4693877551019
32,3,1,0.4,0.7899999999999999,0.8384693877551019,1.8181468397007499,2.5863090213317333e-13,838.4693877551019
32,3,2,0.4166666666666667,0.7899999999999999,0.8384693877551019,1.8258900484236509,2.641512362095156e-13,838.4693877551019
32,3,3,0.43333333333333335,0.7899999999999999,0.8384693877551019,1.8331863015072865,2.6994829885632486e-13,838.4693877551019
32,3,4,0.45,0.7899999999999999,0.8384693877551019,1.839633512809373,2.7560416492555173e-13,838.4693877551019
32,3,5,0.4666666666666667,0.7899999999999999,0.8384693877551019,1.8455875549828382,2.815160668118583e-13,838.4693877551019
32,3,6,0.48333333333333334,0.7899999999999999,0.8384693877551019,1.8512834277618422,2.875964743391736e-13,838.4693877551019
32,3,7,0.5,0.7899999999999999,0.8384693877551019,1.8564290058431119,2.935487750774056e-13,838.4693877551019
32,4,1,0.4,0.885,0.8384693877551019,1.8317804052547446,2.79760007344979e-13,838.4693877551019
32,4,2,0.4166666666666667,0.885,0.8384693877551019,1.8394851429556371,2.858226901785304e-13,838.4693877551019
32,4,3,0.43333333333333335,0.885,0.8384693877551019,1.8467446334567033,2.9218483453995956e-13,838.4693877551019
32,4,4,0.45,0.885,0.8384693877551019,1.853158632293519,2.9838436235350636e-13,838.4693877551019
32,4,5,0.4666666666666667,0.885,0.8384693877551019,1.8590637107873764,3.047815089651514e-13,838.4693877551019
32,4,6,0.48333333333333334,0.885,0.8384693877551019,1.8647276903914287,3.1143723697216694e-13,838.4693877551019
32,4,7,0.5,0.885,0.8384693877551019,1.869866963572907,3.1805398621496313e-13,838.4693877551019
32,5,1,0.4,0.98,0.8384693877551019,1.841643671976526,3.0180368214042165e-13,838.4693877551019
32,5,2,0.4166666666666667,0.98,0.8384693877551019,1.8493217700375733,3.0842503447249815e-13,838.4693877551019
32,5,3,0.43333333333333335,0.98,0.8384693877551019,1.8565549570695405,3.1536557220478235e-13,838.4693877551019
32,5,4,0.45,0.98,0.8384693877551019,1.862945095141941,3.221228359836233e-13,838.4693877551019
32,5,5,0.4666666666666667,0.98,0.8384693877551019,1.868830353325953,3.291021348953406e-13,838.4693877551019
32,5,6,0.48333333333333334,0.98,0.8384693877551019,1.8744720323246464,3.363456410159217e-13,838.4693877551019
32,5,7,0.5,0.98,0.8384693877551019,1.8795907407361263,3.435370030487757e-13,838.4693877551019
32,6,1,0.4,1.075,0.8384693877551019,1.8488995812761753,3.2392030405752893e-13,838.4693877551019
32,6,2,0.4166666666666667,1.075,0.8384693877551019,1.8565624253169277,3.3111302895125243e-13,838.4693877551019
32,6,3,0.43333333333333335,1.075,0.8384693877551019,1.8637798973975097,3.386420966505755e-13,838.4693877551019
32,6,4,0.45,1.075,0.8384693877551019,1.8701560331773877,3.4596848792593276e-13,838.4693877551019
32,6,5,0.4666666666666667,1.075,0.8384693877551019,1.8760306207644497,3.535657476283232e-13,838.4693877551019
32,6,6,0.48333333333333334,1.075,0.8384693877551019,1.8816590877879347,3.6140576436567967e-13,838.4693877551019
32,6,7,0.5,1.075,0.8384693877551019,1.8867538430138895,3.691007443730898e-13,838.4693877551019
32,7,1,0.4,1.17,0.8384693877551019,1.8546631610064466,3.4728725850760345e-13,838.4693877551019
32,7,2,0.4166666666666667,1.17,0.8384693877551019,1.8623084719866978,3.5504972043910556e-13,838.4693877551019
32,7,3,0.43333333333333335,1.17,0.8384693877551019,1.8695087644585477,3.631694773179582e-13,838.4693877551019
32,7,4,0.45,1.17,0.8384693877551019,1.8758694331686703,3.7106674179654734e-13,838.4693877551019
32,7,5,0.4666666666666667,1.17,0.8384693877551019,1.8817301634134904,3.7925733029949295e-13,838.4693877551019
32,7,6,0.48333333333333334,1.17,0.8384693877551019,1.8873443118267914,3.8770200312244025e-13,838.4693877551019
32,7,7,0.5,1.17,0.8384693877551019,1.8924280677841354,3.9599592709464426e-13,838.4693877551019
33,1,1,0.4,0.6,0.8493877551020408,1.7653167941242507,2.288494078951023e-13,849.3877551020408
33,1,2,0.4166666666666667,0.6,0.8493877551020408,1.773234408779778,2.3327081738414093e-13,849.3877551020408
33,1,3,0.43333333333333335,0.6,0.8493877551020408,1.780711693143258,2.3796103061626915e-13,849.3877551020408
33,1,4,0.45,0.6,0.8493877551020408,1.7873251830590575,2.425654336545922e-13,849.3877551020408
33,1,5,0.4666666666666667,0.6,0.8493877551020408,1.793423226254431,2.4732289284155056e-13,849.3877551020408
33,1,6,0.48333333333333334,0.6,0.8493877551020408,1.7992849631431713,2.523440823560523e-13,849.3877551020408
33,1,7,0.5,0.6,0.8493877551020408,1.804631616052425,2.5742678962548255e-13,849.3877551020408
33,2,1,0.4,0.695,0.8493877551020408,1.7937008016461649,2.4329702293559744e-13,849.3877551020408
33,2,2,0.4166666666666667,0.695,0.8493877551020408,1.8015956971780551,2.482533358173853e-13,849.3877551020408
33,2,3,0.43333333333333335,0.695,0.8493877551020408,1.8090424378183652,2.534797806627988e-13,849.3877551020408
33,2,4,0.45,0.695,0.8493877551020408,1.8156267660269136,2.58594815544441e-13,849.3877551020408
33,2,5,0.4666666666666667,0.695,0.8493877551020408,1.8217163328014283,2.639632045839145e-13,849.3877551020408
33,2,6,0.48333333333333334,0.695,0.8493877551020408,1.8275437775318635,2.694923451826435e-13,849.3877551020408
33,2,7,0.5,0.695,0.8493877551020408,1.8327977757061504,2.748935755786464e-13,849.3877551020408
33,3,1,0.4,0.7899999999999999,0.8493877551020408,1.8132530649221086,2.6166709658312987e-13,849.3877551020408
33,3,2,0.4166666666666667,0.7899999999999999,0.8493877551020408,1.8211035869106584,2.6715057450525083e-13,849.3877551020408
33,3,3,0.43333333333333335,0.7899999999999999,0.8493877551020408,1.8285043372595777,2.729164234714406e-13,849.3877551020408
33,3,4,0.45,0.7899999999999999,0.8493877551020408,1.8350460312678394,2.785470380080933e-13,849.3877551020408
33,3,5,0.4666666666666667,0.7899999999999999,0.8493877551020408,1.8410946591719144,2.8444530350473783e-13,849.3877551020408
33,3,6,0.48333333333333334,0.7899999999999999,0.8493877551020408,1.8468801186481592,2.90511569280119e-13,849.3877551020408
33,3,7,0.5,0.7899999999999999,0.8493877551020408,1.852107445216009,2.964509973204632e-13,849.3877551020408
33,4,1,0.4,0.885,0.8493877551020408,1.8272344566338532,2.8271712242804944e-13,849.3877551020408
33,4,2,0.4166666666666667,0.885,0.8493877551020408,1.8350459215502966,2.8873968378354204e-13,849.3877551020408
33,4,3,0.43333333333333335,0.885,0.8493877551020408,1.842409253580144,2.95067215852888e-13,849.3877551020408
33,4,4,0.45,0.885,0.8493877551020408,1.8489170659308396,3.012380021283405e-13,849.3877551020408
33,4,5,0.4666666666666667,0.885,0.8493877551020408,1.854914798113579,3.076146048862477e-13,849.3877551020408
33,4,6,0.48333333333333334,0.885,0.8493877551020408,1.8606675875812155,3.1425288105061367e-13,849.3877551020408
33,4,7,0.5,0.885,0.8493877551020408,1.8658892660074837,3.208580404985156e-13,849.3877551020408
33,5,1,0.4,0.98,0.8493877551020408,1.8373533529335668,3.0474440421808393e-13,849.3877551020408
33,5,2,0.4166666666666667,0.98,0.8493877551020408,1.845137707429945,3.113225352911459e-13,849.3877551020408
33,5,3,0.43333333333333335,0.98,0.8493877551020408,1.8524741885250702,3.182252230296937e-13,849.3877551020408
33,5,4,0.45,0.98,0.8493877551020408,1.8589575927385964,3.249505597621481e-13,849.3877551020408
33,5,5,0.4666666666666667,0.98,0.8493877551020408,1.8649351142099602,3.3190682324330247e-13,849.3877551020408
33,5,6,0.48333333333333334,0.98,0.8493877551020408,1.8706649925110026,3.3912974310808264e-13,849.3877551020408
33,5,7,0.5,0.98,0.8493877551020408,1.8758654368600247,3.4630608751743115e-13,849.3877551020408
33,6,1,0.4,1.075,0.8493877551020408,1.8447991863564976,3.2688221406836487e-13,849.3877551020408
33,6,2,0.4166666666666667,1.075,0.8493877551020408,1.8525680560543667,3.340289928274868e-13,849.3877551020408
33,6,3,0.43333333333333335,1.075,0.8493877551020408,1.859888519168598,3.415173725051196e-13,849.3877551020408
33,6,4,0.45,1.075,0.8493877551020408,1.8663576270099806,3.488091441754647e-13,849.3877551020408
33,6,5,0.4666666666666667,1.075,0.8493877551020408,1.872324538873146,3.5638344652671537e-13,849.3877551020408
33,6,6,0.48333333333333334,1.075,0.8493877551020408,1.8780408413412797,3.642001348056684e-13,849.3877551020408
33,6,7,0.5,1.075,0.8493877551020408,1.8832162266584058,3.718738971216892e-13,849.3877551020408
33,7,1,0.4,1.17,0.8493877551020408,1.850714433600812,3.5030198282211594e-13,849.3877551020408
33,7,2,0.4166666666666667,1.17,0.8493877551020408,1.8584653239013542,3.5801499499054243e-13,849.3877551020408
33,7,3,0.43333333333333335,1.17,0.8493877551020408,1.8657681331364213,3.660905745756392e-13,849.3877551020408
33,7,4,0.45,1.17,0.8493877551020408,1.872221324588492,3.7394991570902774e-13,849.3877551020408
33,7,5,0.4666666666666667,1.17,0.8493877551020408,1.8781739245143447,3.821147819640989e-13,849.3877551020408
33,7,6,0.48333333333333334,1.17,0.8493877551020408,1.8838754504411663,3.9053316275538203e-13,849.3877551020408
33,7,7,0.5,1.17,0.8493877551020408,1.8890395104499482,3.9880315535081573e-13,849.3877551020408
34,1,1,0.4,0.6,0.8603061224489796,1.759243091179847,2.325395516055405e-13,860.3061224489796
34,1,2,0.4166666666666667,0.6,0.8603061224489796,1.7672638753480325,2.3692079962928083e-13,860.3061224489796
34,1,3,0.43333333333333335,0.6,0.8603061224489796,1.7748427897244652,2.415787604371319e-13,860.3061224489796
34,1,4,0.45,0.6,0.8603061224489796,1.781548765562188,2.461585554372649e-13,860.3061224489796
34,1,5,0.4666666666666667,0.6,0.8603061224489796,1.787737936120101,2.508975862339086e-13,860.3061224489796
34,1,6,0.48333333333333334,0.6,0.8603061224489796,1.7936888033078369,2.55908473092718e-13,860.3061224489796
34,1,7,0.5,0.6,0.8603061224489796,1.7991204463680317,2.6099153892483134e-13,860.3061224489796
34,2,1,0.4,0.695,0.8603061224489796,1.7883163409543408,2.4659921754921545e-13,860.3061224489796
34,2,2,0.4166666666666667,0.695,0.8603061224489796,1.7963172395508595,2.5151779074283114e-13,860.3061224489796
34,2,3,0.43333333333333335,0.695,0.8603061224489796,1.8038676724523963,2.5671304107565194e-13,860.3061224489796
34,2,4,0.45,0.695,0.8603061224489796,1.8105460474626078,2.618036171098013e-13,860.3061224489796
34,2,5,0.4666666666666667,0.695,0.8603061224489796,1.8167303015084784,2.6715972982235744e-13,860.3061224489796
34,2,6,0.48333333333333334,0.695,0.8603061224489796,1.8226474631236713,2.726764106582669e-13,860.3061224489796
34,2,7,0.5,0.695,0.8603061224489796,1.8279828101476718,2.7806621590026786e-13,860.3061224489796
34,3,1,0.4,0.7899999999999999,0.8603061224489796,1.8083560093886097,2.647707261203051e-13,860.3061224489796
34,3,2,0.4166666666666667,0.7899999999999999,0.8603061224489796,1.816312675385711,2.702151859549226e-13,860.3061224489796
34,3,3,0.43333333333333335,0.7899999999999999,0.8603061224489796,1.8238169310032024,2.759479213902208e-13,860.3061224489796
34,3,4,0.45,0.7899999999999999,0.8603061224489796,1.8304523180347907,2.815517330779263e-13,860.3061224489796
34,3,5,0.4666666666666667,0.7899999999999999,0.8603061224489796,1.8365949114747135,2.8743494176640857e-13,860.3061224489796
34,3,6,0.48333333333333334,0.7899999999999999,0.8603061224489796,1.8424694217773196,2.934858119663086e-13,860.3061224489796
34,3,7,0.5,0.7899999999999999,0.8603061224489796,1.847778035340896,2.994112450774983e-13,860.3061224489796
34,4,1,0.4,0.885,0.8603061224489796,1.8226887886035579,2.8573318930909677e-13,860.3061224489796
34,4,2,0.4166666666666667,0.885,0.8603061224489796,1.8306058879567213,2.917136508961265e-13,860.3061224489796
34,4,3,0.43333333333333335,0.885,0.8603061224489796,1.8380721327939702,2.980048268872856e-13,860.3061224489796
34,4,4,0.45,0.885,0.8603061224489796,1.844673017761352,3.0414544335971864e-13,860.3061224489796
34,4,5,0.4666666666666667,0.885,0.8603061224489796,1.8507627639840616,3.105000328469652e-13,860.3061224489796
34,4,6,0.48333333333333334,0.885,0.8603061224489796,1.8566038598166927,3.171196914693237e-13,860.3061224489796
34,4,7,0.5,0.885,0.8603061224489796,1.8619075694397342,3.2371236194060587e-13,860.3061224489796
34,5,1,0.4,0.98,0.8603061224489796,1.8330661076718802,3.0773835150813324e-13,860.3061224489796
34,5,2,0.4166666666666667,0.98,0.8603061224489796,1.8409556700651255,3.142713895271647e-13,860.3061224489796
34,5,3,0.43333333333333335,0.98,0.8603061224489796,1.848394551619927,3.2113457107139285e-13,860.3061224489796
34,5,4,0.45,0.98,0.8603061224489796,1.8549705074978737,3.2782662289801153e-13,860.3061224489796
34,5,5,0.4666666666666667,0.98,0.8603061224489796,1.8610396813690004,3.347584294893954e-13,860.3061224489796
34,5,6,0.48333333333333334,0.98,0.8603061224489796,1.8668572706008293,3.419596322352442e-13,860.3061224489796
34,5,7,0.5,0.98,0.8603061224489796,1.8721390814884273,3.491200664933655e-13,860.3061224489796
34,6,1,0.4,1.075,0.8603061224489796,1.8407040202958729,3.298933393567787e-13,860.3061224489796
34,6,2,0.4166666666666667,1.075,0.8603061224489796,1.8485778968421367,3.3699235718356597e-13,860.3061224489796
34,6,3,0.43333333333333335,1.075,0.8603061224489796,1.856000480861068,3.4443843677102406e-13,860.3061224489796
34,6,4,0.45,1.075,0.8603061224489796,1.8625618645604725,3.5169426700561834e-13,860.3061224489796
34,6,5,0.4666666666666667,1.075,0.8603061224489796,1.868620528158203,3.5924428085078114e-13,860.3061224489796
34,6,6,0.48333333333333334,1.075,0.8603061224489796,1.8744241871453093,3.6703651214391977e-13,860.3061224489796
34,6,7,0.5,1.075,0.8603061224489796,1.8796798063877842,3.746880635492101e-13,860.3061224489796
34,7,1,0.4,1.17,0.8603061224489796,1.846772738982366,3.533631697107352e-13,860.3061224489796
34,7,2,0.4166666666666667,1.17,0.8603061224489796,1.8546282031661194,3.61024935010951e-13,860.3061224489796
34,7,3,0.43333333333333335,1.17,0.8603061224489796,1.8620326684130177,3.6905473646742514e-13,860.3061224489796
34,7,4,0.45,1.17,0.8603061224489796,1.868577692505457,3.768748402136246e-13,860.3061224489796
34,7,5,0.4666666666666667,1.17,0.8603061224489796,1.8746215913368316,3.850126332838531e-13,860.3061224489796
34,7,6,0.48333333333333334,1.17,0.8603061224489796,1.8804100174652203,3.9340358476838327e-13,860.3061224489796
34,7,7,0.5,1.17,0.8603061224489796,1.8856539893614275,4.016486459354468e-13,860.3061224489796
35,1,1,0.4,0.6,0.8712244897959183,1.753157131856217,2.3633700811285165e-13,871.2244897959183
35,1,2,0.4166666666666667,0.6,0.8712244897959183,1.7612792821254857,2.4067457579217153e-13,871.2244897959183
35,1,3,0.43333333333333335,0.6,0.8712244897959183,1.7689582910071209,2.452972245348261e-13,871.2244897959183
35,1,4,0.45,0.6,0.8712244897959183,1.7757555186283522,2.498499108120911e-13,871.2244897959183
35,1,5,0.4666666666666667,0.6,0.8712244897959183,1.7820346812698786,2.545680128332069e-13,871.2244897959183
35,1,6,0.48333333333333334,0.6,0.8712244897959183,1.788073820478099,2.5956669579989824e-13,871.2244897959183
35,1,7,0.5,0.6,0.8712244897959183,1.793589887796833,2.646488434122617e-13,871.2244897959183
35,2,1,0.4,0.695,0.8712244897959183,1.782923869051379,2.4998509840403385e-13,871.2244897959183
35,2,2,0.4166666666666667,0.695,0.8712244897959183,1.7910293856507606,2.5486325764655345e-13,871.2244897959183
35,2,3,0.43333333333333335,0.695,0.8712244897959183,1.7986823351685775,2.600249751334414e-13,871.2244897959183
35,2,4,0.45,0.695,0.8712244897959183,1.805453819100667,2.6508918424219785e-13,871.2244897959183
35,2,5,0.4666666666666667,0.695,0.8712244897959183,1.811732031998765,2.7043135968025996e-13,871.2244897959183
35,2,6,0.48333333333333334,0.695,0.8712244897959183,1.8177382649675158,2.7593407177429474e-13,871.2244897959183
35,2,7,0.5,0.695,0.8712244897959183,1.8231543820298235,2.813110870811285e-13,871.2244897959183
35,3,1,0.4,0.7899999999999999,0.8712244897959183,1.8034551673028598,2.67943783132721e-13,871.2244897959183
35,3,2,0.4166666666666667,0.7899999999999999,0.8712244897959183,1.811516771345895,2.7334695360334546e-13,871.2244897959183
35,3,3,0.43333333333333335,0.7899999999999999,0.8712244897959183,1.819123506211159,2.7904457922251727e-13,871.2244897959183
35,3,4,0.45,0.7899999999999999,0.8712244897959183,1.825851767179781,2.846199559750272e-13,871.2244897959183
35,3,5,0.4666666666666667,0.7899999999999999,0.8712244897959183,1.8320876788652987,2.9048662393204947e-13,871.2244897959183
35,3,6,0.48333333333333334,0.7899999999999999,0.8712244897959183,1.838050677937704,2.96520781296514e-13,871.2244897959183
35,3,7,0.5,0.7899999999999999,0.8712244897959183,1.843440092838771,3.0243103986441096e-13,871.2244897959183
35,4,1,0.4,0.885,0.8712244897959183,1.81814281885272,2.888098071297695e-13,871.2244897959183
35,4,2,0.4166666666666667,0.885,0.8712244897959183,1.8261644308364875,2.9474610296426347e-13,871.2244897959183
35,4,3,0.43333333333333335,0.885,0.8712244897959183,1.8337326324926653,3.009991014569082e-13,871.2244897959183
35,4,4,0.45,0.885,0.8712244897959183,1.8404258253518182,3.0710805435027726e-13,871.2244897959183
35,4,5,0.4666666666666667,0.885,0.8712244897959183,1.8466069220888364,3.134391071791712e-13,871.2244897959183
35,4,6,0.48333333333333334,0.885,0.8712244897959183,1.8525357990482367,3.2003893172951046e-13,871.2244897959183
35,4,7,0.5,0.885,0.8712244897959183,1.8579211471671964,3.266181722039523e-13,871.2244897959183
35,5,1,0.4,0.98,0.8712244897959183,1.8287813102890143,3.1078686587934324e-13,871.2244897959183
35,5,2,0.4166666666666667,0.98,0.8712244897959183,1.8367750075898073,3.172728652613465e-13,871.2244897959183
35,5,3,0.43333333333333335,0.98,0.8712244897959183,1.8443153727448869,3.2409481889481274e-13,871.2244897959183
35,5,4,0.45,0.98,0.8712244897959183,1.850983145289466,3.3075217235768303e-13,871.2244897959183
35,5,5,0.4666666666666667,0.98,0.8712244897959183,1.8571433399464616,3.376580567192639e-13,871.2244897959183
35,5,6,0.48333333333333334,0.98,0.8712244897959183,1.8630481325675199,3.44836368534374e-13,871.2244897959183
35,5,7,0.5,0.98,0.8712244897959183,1.8684109238790452,3.519799640729577e-13,871.2244897959183
35,6,1,0.4,1.075,0.8712244897959183,1.8366134307317918,3.3295485106557744e-13,871.2244897959183
35,6,2,0.4166666666666667,1.075,0.8712244897959183,1.8445912737469794,3.400042287882546e-13,871.2244897959183
35,6,3,0.43333333333333335,1.075,0.8712244897959183,1.8521150878096915,3.474063389296311e-13,871.2244897959183
35,6,4,0.45,1.075,0.8712244897959183,1.858768032729837,3.546248570581318e-13,871.2244897959183
35,6,5,0.4666666666666667,1.075,0.8712244897959183,1.8649178574486402,3.621492162437652e-13,871.2244897959183
35,6,6,0.48333333333333334,1.075,0.8712244897959183,1.8708083764397743,3.6991582429038235e-13,871.2244897959183
35,6,7,0.5,1.075,0.8712244897959183,1.8761438171729996,3.7754413762036194e-13,871.2244897959183
35,7,1,0.4,1.17,0.8712244897959183,1.8428374082623113,3.5647186388548084e-13,871.2244897959183
35,7,2,0.4166666666666667,1.17,0.8712244897959183,1.8507964212459447,3.6408052730745945e-13,871.2244897959183
35,7,3,0.43333333333333335,1.17,0.8712244897959183,1.8583016626950994,3.7206289816265984e-13,871.2244897959183
35,7,4,0.45,1.17,0.8712244897959183,1.8649378122620108,3.798424062160446e-13,871.2244897959183
35,7,5,0.4666666666666667,1.17,0.8712244897959183,1.871072422263739,3.879517447175327e-13,871.2244897959183
35,7,6,0.48333333333333334,1.17,0.8712244897959183,1.8769472547465336,3.9631409569121265e-13,871.2244897959183
35,7,7,0.5,1.17,0.8712244897959183,1.8822707310726579,4.045331947710594e-13,871.2244897959183
36,1,1,0.4,0.6,0.8821428571428571,1.7470589982232354,2.4024562857143223e-13,882.1428571428571
36,1,2,0.4166666666666667,0.6,0.8821428571428571,1.755280627353799,2.445357511971021e-13,882.1428571428571
36,1,3,0.43333333333333335,0.6,0.8821428571428571,1.7630581193316084,2.4911981431617323e-13,882.1428571428571
36,1,4,0.45,0.6,0.8821428571428571,1.7699453002632375,2.536427145589114e-13,882.1428571428571
36,1,5,0.4666666666666667,0.6,0.8821428571428571,1.7763132567219302,2.583372200309395e-13,882.1428571428571
36,1,6,0.48333333333333334,0.6,0.8821428571428571,1.7824397557509541,2.633216612409576e-13,882.1428571428571
36,1,7,0.5,0.6,0.8821428571428571,1.7880396386541688,2.684015142167101e-13,882.1428571428571
36,2,1,0.4,0.695,0.8821428571428571,1.7775231103263907,2.534573759118542e-13,882.1428571428571
36,2,2,0.4166666666666667,0.695,0.8821428571428571,1.7857318076237807,2.5829228957009245e-13,882.1428571428571
36,2,3,0.43333333333333335,0.695,0.8821428571428571,1.7934860503674994,2.63417997998313e-13,882.1428571428571
36,2,4,0.45,0.695,0.8821428571428571,1.8003496645590162,2.6845381756772097e-13,882.1428571428571
36,2,5,0.4666666666666667,0.695,0.8821428571428571,1.8067210714504356,2.7378030332548906e-13,882.1428571428571
36,2,6,0.48333333333333334,0.695,0.8821428571428571,1.8128156950201797,2.7926744753969584e-13,882.1428571428571
36,2,7,0.5,0.695,0.8821428571428571,1.8183119707378441,2.846302260066303e-13,882.1428571428571
36,3,1,0.4,0.7899999999999999,0.8821428571428571,1.798550103026254,2.711883256027634e-13,882.1428571428571
36,3,2,0.4166666666666667,0.7899999999999999,0.8821428571428571,1.8067154020708418,2.765478203397613e-13,882.1428571428571
36,3,3,0.43333333333333335,0.7899999999999999,0.8821428571428571,1.8144235558114754,2.822082384818451e-13,882.1428571428571
36,3,4,0.45,0.7899999999999999,0.8821428571428571,1.8212438419578734,2.8775346346688567e-13,882.1428571428571
36,3,5,0.4666666666666667,0.7899999999999999,0.8821428571428571,1.8275723972921778,2.9360203956328425e-13,882.1428571428571
36,3,6,0.48333333333333334,0.7899999999999999,0.8821428571428571,1.8336232966981358,2.996181002266842e-13,882.1428571428571
36,3,7,0.5,0.7899999999999999,0.8821428571428571,1.8390930029376797,3.055119444641279e-13,882.1428571428571
36,4,1,0.4,0.885,0.8821428571428571,1.8135960310384216,2.91948623068363e-13,882.1428571428571
36,4,2,0.4166666666666667,0.885,0.8821428571428571,1.8217210048258474,2.978385953893937e-13,882.1428571428571
36,4,3,0.43333333333333335,0.885,0.8821428571428571,1.8293901800608887,3.0405151381104645e-13,882.1428571428571
36,4,4,0.45,0.885,0.8821428571428571,1.8361748922773367,3.101272410156341e-13,882.1428571428571
36,4,5,0.4666666666666667,0.885,0.8821428571428571,1.842446652157117,3.1643317682518716e-13,882.1428571428571
36,4,6,0.48333333333333334,0.885,0.8821428571428571,1.8484627633089337,3.230118976771206e-13,882.1428571428571
36,4,7,0.5,0.885,0.8821428571428571,1.8539293386220672,3.2957672352845187e-13,882.1428571428571
36,5,1,0.4,0.98,0.8821428571428571,1.8244983985156622,3.1389132597502687e-13,882.1428571428571
36,5,2,0.4166666666666667,0.98,0.8821428571428571,1.8325951335068809,3.203282642455134e-13,882.1428571428571
36,5,3,0.43333333333333335,0.98,0.8821428571428571,1.8402360423571702,3.2710720006069105e-13,882.1428571428571
36,5,4,0.45,0.98,0.8821428571428571,1.846994876231407,3.3372838397051505e-13,882.1428571428571
36,5,5,0.4666666666666667,0.98,0.8821428571428571,1.853245439516158,3.4060683448746823e-13,882.1428571428571
36,5,6,0.48333333333333334,0.98,0.8821428571428571,1.859236908993344,3.4776103687106315e-13,882.1428571428571
36,5,7,0.5,0.98,0.8821428571428571,1.8646802780631955,3.548868277146716e-13,882.1428571428571
36,6,1,0.4,1.075,0.8821428571428571,1.832526827542988,3.360679494899712e-13,882.1428571428571
36,6,2,0.4166666666666667,1.075,0.8821428571428571,1.8406075754303866,3.4306574106982065e-13,882.1428571428571
36,6,3,0.43333333333333335,1.075,0.8821428571428571,1.8482317082716115,3.504221529735885e-13,882.1428571428571
36,6,4,0.45,1.075,0.8821428571428571,1.8549754816219834,3.576019377870014e-13,882.1428571428571
36,6,5,0.4666666666666667,1.075,0.8821428571428571,1.8612158590590728,3.650992392311588e-13,882.1428571428571
36,6,6,0.48333333333333334,1.075,0.8821428571428571,1.8671927242094704,3.7283901861557804e-13,882.1428571428571
36,6,7,0.5,1.075,0.8821428571428571,1.8726075579563146,3.804430315530531e-13,882.1428571428571
36,7,1,0.4,1.17,0.8821428571428571,1.8389078338687839,3.5962913382540387e-13,882.1428571428571
36,7,2,0.4166666666666667,1.17,0.8821428571428571,1.8469693513658454,3.671827803926559e-13,882.1428571428571
36,7,3,0.43333333333333335,1.17,0.8821428571428571,1.8545744705575502,3.7511601476129005e-13,882.1428571428571
36,7,4,0.45,1.17,0.8821428571428571,1.8613010217166952,3.8285352316291097e-13,882.1428571428571
36,7,5,0.4666666666666667,1.17,0.8821428571428571,1.8675257385365165,3.9093299355397076e-13,882.1428571428571
36,7,6,0.48333333333333334,1.17,0.8821428571428571,1.8734864673063396,3.9926553769791535e-13,882.1428571428571
36,7,7,0.5,1.17,0.8821428571428571,1.8788890255865272,4.074576124297159e-13,882.1428571428571
37,1,1,0.4,0.6,0.8930612244897959,1.7409488669241575,2.442694312455834e-13,893.0612244897959
37,1,2,0.4166666666666667,0.6,0.8930612244897959,1.7492680009733221,2.485080802094512e-13,893.0612244897959
37,1,3,0.43333333333333335,0.6,0.8930612244897959,1.7571422861436308,2.530500549610157e-13,893.0612244897959
37,1,4,0.45,0.6,0.8930612244897959,1.764118055397039,2.5754030303298485e-13,893.0612244897959
37,1,5,0.4666666666666667,0.6,0.8930612244897959,1.7705735424014906,2.622083647827093e-13,893.0612244897959
37,1,6,0.48333333333333334,0.6,0.8930612244897959,1.7767864333419114,2.671763805175799e-13,893.0612244897959
37,1,7,0.5,0.6,0.8930612244897959,1.7824694788787272,2.7225245633395285e-13,893.0612244897959
37,2,1,0.4,0.695,0.8930612244897959,1.772113863551371,2.5701886127760386e-13,893.0612244897959
37,2,2,0.4166666666666667,0.695,0.8930612244897959,1.780424250801361,2.618075307656623e-13,893.0612244897959
37,2,3,0.43333333333333335,0.695,0.8930612244897959,1.7882785145669553,2.6689460787344794e-13,893.0612244897959
37,2,4,0.45,0.695,0.8930612244897959,1.7952332386803387,2.718998941905078e-13,893.0612244897959
37,2,5,0.4666666666666667,0.695,0.8930612244897959,1.8016970374985926,2.7720884072315285e-13,893.0612244897959
37,2,6,0.48333333333333334,0.695,0.8930612244897959,1.8078793349861129,2.8267872263681187e-13,893.0612244897959
37,2,7,0.5,0.695,0.8930612244897959,1.8134551247802393,2.8802573065047055e-13,893.0612244897959
37,3,1,0.4,0.7899999999999999,0.8930612244897959,1.7936404465473887,2.745064799539623e-13,893.0612244897959
37,3,2,0.4166666666666667,0.7899999999999999,0.8930612244897959,1.801908160041522,2.7981979140389954e-13,893.0612244897959
37,3,3,0.43333333333333335,0.7899999999999999,0.8930612244897959,1.809716637560931,2.8544079780565705e-13,893.0612244897959
37,3,4,0.45,0.7899999999999999,0.8930612244897959,1.816628070145477,2.9095406523998636e-13,893.0612244897959
37,3,5,0.4666666666666667,0.7899999999999999,0.8930612244897959,1.823048566978511,2.967829272742066e-13,893.0612244897959
37,3,6,0.48333333333333334,0.7899999999999999,0.8930612244897959,1.8291867516759281,3.0277943742793383e-13,893.0612244897959
37,3,7,0.5,0.7899999999999999,0.8930612244897959,1.834736214713258,3.086555644361605e-13,893.0612244897959
37,4,1,0.4,0.885,0.8930612244897959,1.8090479700928424,2.9515133426284904e-13,893.0612244897959
37,4,2,0.4166666666666667,0.885,0.8930612244897959,1.8172751258055577,3.009927292320319e-13,893.0612244897959
37,4,3,0.43333333333333335,0.885,0.8930612244897959,1.8250442641099056,3.0716358015599434e-13,893.0612244897959
37,4,4,0.45,0.885,0.8930612244897959,1.831919683329857,3.1320444825618676e-13,893.0612244897959
37,4,5,0.4666666666666667,0.885,0.8930612244897959,1.8382813951399886,3.194836265987968e-13,893.0612244897959
37,4,6,0.48333333333333334,0.885,0.8930612244897959,1.8443841718735408,3.260399186546395e-13,893.0612244897959
37,4,7,0.5,0.885,0.8930612244897959,1.8499315445095679,3.3258929979737084e-13,893.0612244897959
37,5,1,0.4,0.98,0.8930612244897959,1.8202168689406673,3.1705314862178e-13,893.0612244897959
37,5,2,0.4166666666666667,0.98,0.8930612244897959,1.8284155203697703,3.2343892315847787e-13,893.0612244897959
37,5,3,0.43333333333333335,0.98,0.8930612244897959,1.8361560101471788,3.301729802512841e-13,893.0612244897959
37,5,4,0.45,0.98,0.8930612244897959,1.8430051298337777,3.3675646344704627e-13,893.0612244897959
37,5,5,0.4666666666666667,0.98,0.8930612244897959,1.8493453892048908,3.4360591976700706e-13,893.0612244897959
37,5,6,0.48333333333333334,0.98,0.8930612244897959,1.8554229901724484,3.5073474771148405e-13,893.0612244897959
37,5,7,0.5,0.98,0.8930612244897959,1.8609465179319353,3.5784172904846613e-13,893.0612244897959
37,6,1,0.4,1.075,0.8930612244897959,1.8284436780293414,3.392338651930973e-13,893.0612244897959
37,6,2,0.4166666666666667,1.075,0.8930612244897959,1.8366262483011209,3.4617805511634083e-13,893.0612244897959
37,6,3,0.43333333333333335,1.075,0.8930612244897959,1.844349768554458,3.5348697830852945e-13,893.0612244897959
37,6,4,0.45,1.075,0.8930612244897959,1.8511836196515152,3.6062655627768004e-13,893.0612244897959
37,6,5,0.4666666666666667,1.075,0.8930612244897959,1.8575139238786627,3.6809535800182355e-13,893.0612244897959
37,6,6,0.48333333333333334,1.075,0.8930612244897959,1.8635766042561017,3.7580706267292367e-13,893.0612244897959
37,6,7,0.5,1.075,0.8930612244897959,1.8690703867084568,3.833856764876454e-13,893.0612244897959
37,7,1,0.4,1.17,0.8930612244897959,1.8349834646980987,3.628360726882363e-13,893.0612244897959
37,7,2,0.4166666666666667,1.17,0.8930612244897959,1.8431464236369726,3.70332725305213e-13,893.0612244897959
37,7,3,0.43333333333333335,1.17,0.8930612244897959,1.850850503847011,3.782150620361962e-13,893.0612244897959
37,7,4,0.45,1.17,0.8930612244897959,1.8576667163292797,3.859091197174294e-13,893.0612244897959
37,7,5,0.4666666666666667,1.17,0.8930612244897959,1.8639809193231696,3.939572745654781e-13,893.0612244897959
37,7,6,0.48333333333333334,1.17,0.8930612244897959,1.870027018391832,4.0225876921372126e-13,893.0612244897959
37,7,7,0.5,1.17,0.8930612244897959,1.8755082213935574,4.1042272469749544e-13,893.0612244897959
38,1,1,0.4,0.6,0.9039795918367346,1.7348270064136753,2.484126118439873e-13,903.9795918367346
38,1,2,0.4166666666666667,0.6,0.9039795918367346,1.7432415817163978,2.525954749898405e-13,903.9795918367346
38,1,3,0.43333333333333335,0.6,0.9039795918367346,1.7512108889528513,2.5709161288040654e-13,903.9795918367346
38,1,4,0.45,0.6,0.9039795918367346,1.7582738127277224,2.615461406167604e-13,903.9795918367346
38,1,5,0.4666666666666667,0.6,0.9039795918367346,1.7648154998800405,2.6618471914163824e-13,903.9795918367346
38,1,6,0.48333333333333334,0.6,0.9039795918367346,1.7711137572233353,2.711339698843809e-13,903.9795918367346
38,1,7,0.5,0.6,0.9039795918367346,1.7768792665784965,2.7620467294296585e-13,903.9795918367346
38,2,1,0.4,0.695,0.9039795918367346,1.766695998174361,2.6067247144407707e-13,903.9795918367346
38,2,2,0.4166666666666667,0.695,0.9039795918367346,1.7751065299159199,2.6541172097429277e-13,903.9795918367346
38,2,3,0.43333333333333335,0.695,0.9039795918367346,1.7830594925464076,2.7045738972881645e-13,903.9795918367346
38,2,4,0.45,0.695,0.9039795918367346,1.7901042636160092,2.754298709835579e-13,903.9795918367346
38,2,5,0.4666666666666667,0.695,0.9039795918367346,1.796659614261857,2.8071932559586095e-13,903.9795918367346
38,2,6,0.48333333333333334,0.695,0.9039795918367346,1.802928832292549,2.8617015006459927e-13,903.9795918367346
38,2,7,0.5,0.695,0.9039795918367346,1.8085834577202198,2.914997624379157e-13,903.9795918367346
38,3,1,0.4,0.7899999999999999,0.9039795918367346,1.7887258894049456,2.779004440243767e-13,903.9795918367346
38,3,2,0.4166666666666667,0.7899999999999999,0.9039795918367346,1.7970946988136987,2.8316493699860597e-13,903.9795918367346
38,3,3,0.43333333333333335,0.7899999999999999,0.9039795918367346,1.8050023698736648,2.887442152657101e-13,903.9795918367346
38,3,4,0.45,0.7899999999999999,0.9039795918367346,1.8120040398310802,2.942236259688389e-13,903.9795918367346
38,3,5,0.4666666666666667,0.7899999999999999,0.9039795918367346,1.8185157481771788,3.0003107662274696e-13,903.9795918367346
38,3,6,0.48333333333333334,0.7899999999999999,0.9039795918367346,1.8247405762597984,3.060065090005737e-13,903.9795918367346
38,3,7,0.5,0.7899999999999999,0.9039795918367346,1.8303692367839899,3.118635496744827e-13,903.9795918367346
38,4,1,0.4,0.885,0.9039795918367346,1.8044982379797054,2.9841968980319983e-13,903.9795918367346
38,4,2,0.4166666666666667,0.885,0.9039795918367346,1.8128263666208948,3.0421015297653826e-13,903.9795918367346
38,4,3,0.43333333333333335,0.885,0.9039795918367346,1.8206944301647054,3.103368602272523e-13,903.9795918367346
38,4,4,0.45,0.885,0.9039795918367346,1.8276597201775915,3.1634116137329923e-13,903.9795918367346
38,4,5,0.4666666666666667,0.885,0.9039795918367346,1.8341106488442263,3.2259187848260144e-13,903.9795918367346
38,4,6,0.48333333333333334,0.885,0.9039795918367346,1.8402995008686585,3.291243586843683e-13,903.9795918367346
38,4,7,0.5,0.885,0.9039795918367346,1.8459272223975625,3.3565721763154106e-13,903.9795918367346
38,5,1,0.4,0.98,0.9039795918367346,1.8159362726837216,3.202737902786449e-13,903.9795918367346
38,5,2,0.4166666666666667,0.98,0.9039795918367346,1.8242356954249521,3.266062148967883e-13,903.9795918367346
38,5,3,0.43333333333333335,0.98,0.9039795918367346,1.8320747806539908,3.332934584261473e-13,903.9795918367346
38,5,4,0.45,0.98,0.9039795918367346,1.8390133905915875,3.3983764742386705e-13,903.9795918367346
38,5,5,0.4666666666666667,0.98,0.9039795918367346,1.8454426532642776,3.466564979197613e-13,903.9795918367346
38,5,6,0.48333333333333334,0.98,0.9039795918367346,1.8516058216635438,3.5375863801238267e-13,903.9795918367346
38,5,7,0.5,0.98,0.9039795918367346,1.8572090727720747,3.6084576470127503e-13,903.9795918367346
38,6,1,0.4,1.075,0.9039795918367346,1.8243635025384874,3.424538601448909e-13,903.9795918367346
38,6,2,0.4166666666666667,1.075,0.9039795918367346,1.8326467921150935,3.493423606959866e-13,903.9795918367346
38,6,3,0.43333333333333335,1.075,0.9039795918367346,1.840468748592269,3.566019406719336e-13,903.9795918367346
38,6,4,0.45,1.075,0.9039795918367346,1.8473919090997917,3.636997840814147e-13,903.9795918367346
38,6,5,0.4666666666666667,1.075,0.9039795918367346,1.8538114969086108,3.711386031999069e-13,903.9795918367346
38,6,6,0.48333333333333334,1.075,0.9039795918367346,1.8599594447189673,3.788209449300016e-13,903.9795918367346
38,6,7,0.5,1.075,0.9039795918367346,1.8655317159349343,3.8637302316375484e-13,903.9795918367346
38,7,1,0.4,1.17,0.9039795918367346,1.8310638017123484,3.660937992351006e-13,903.9795918367346
38,7,2,0.4166666666666667,1.17,0.9039795918367346,1.83932712062966,3.7353141644168706e-13,903.9795918367346
38,7,3,0.43333333333333335,1.17,0.9039795918367346,1.8471292272330833,3.813610371850276e-13,903.9795918367346
38,7,4,0.45,1.17,0.9039795918367346,1.854034344693742,3.890101444434902e-13,903.9795918367346
38,7,5,0.4666666666666667,1.17,0.9039795918367346,1.8604373972343538,3.9702550066585253e-13,903.9795918367346
38,7,6,0.48333333333333334,1.17,0.9039795918367346,1.8665683249769625,4.0529466552538547e-13,903.9795918367346
38,7,7,0.5,1.17,0.9039795918367346,1.8721277209596408,4.134293731415342e-13,903.9795918367346
39,1,1,0.4,0.6,0.9148979591836734,1.7286937746506978,2.5267955474304897e-13,914.8979591836735
39,1,2,0.4166666666666667,0.6,0.9148979591836734,1.737201634654951,2.5680201498170433e-13,914.8979591836735
39,1,3,0.43333333333333335,0.6,0.9148979591836734,1.7452641087443785,2.6124830378277727e-13,914.8979591836735
39,1,4,0.45,0.6,0.9148979591836734,1.7524126820154708,2.656638266846062e-13,914.8979591836735
39,1,5,0.4666666666666667,0.6,0.9148979591836734,1.7590391695641974,2.702696762195473e-13,914.8979591836735
39,1,6,0.48333333333333334,0.6,0.9148979591836734,1.765421708210261,2.7519765592499677e-13,914.8979591836735
39,1,7,0.5,0.6,0.9148979591836734,1.7712689350215702,2.802612700361602e-13,914.8979591836735
39,2,1,0.4,0.695,0.9148979591836734,1.7612694510339726,2.644212343300788e-13,914.8979591836735
39,2,2,0.4166666666666667,0.695,0.9148979591836734,1.7697785257376504,2.6910769994769066e-13,914.8979591836735
39,2,3,0.43333333333333335,0.695,0.9148979591836734,1.7778288139121863,2.7410901923032564e-13,914.8979591836735
39,2,4,0.45,0.695,0.9148979591836734,1.7849625253304457,2.7904628805215486e-13,914.8979591836735
39,2,5,0.4666666666666667,0.695,0.9148979591836734,1.7916085487884987,2.84314188530411e-13,914.8979591836735
39,2,6,0.48333333333333334,0.695,0.9148979591836734,1.7979638964836353,2.8974405390642996e-13,914.8979591836735
39,2,7,0.5,0.695,0.9148979591836734,1.8036966445256717,2.950545487152681e-13,914.8979591836735
39,3,1,0.4,0.7899999999999999,0.9148979591836734,1.7838061810197618,2.8137249017320506e-13,914.8979591836735
39,3,2,0.4166666666666667,0.7899999999999999,0.9148979591836734,1.7922747293009629,2.865853950146715e-13,914.8979591836735
39,3,3,0.43333333333333335,0.7899999999999999,0.9148979591836734,1.8002804280596163,2.921205107733204e-13,914.8979591836735
39,3,4,0.45,0.7899999999999999,0.9148979591836734,1.8073713956158932,2.975640674666945e-13,914.8979591836735
39,3,5,0.4666666666666667,0.7899999999999999,0.9148979591836734,1.8139735573355937,3.033483300711579e-13,914.8979591836735
39,3,6,0.48333333333333334,0.7899999999999999,0.9148979591836734,1.8202843597424245,3.0930108024754456e-13,914.8979591836735
39,3,7,0.5,0.7899999999999999,0.9148979591836734,1.8259916334161832,3.1513759601662723e-13,914.8979591836735
39,4,1,0.4,0.885,0.9148979591836734,1.799946489855237,3.0175549279567964e-13,914.8979591836735
39,4,2,0.4166666666666667,0.885,0.9148979591836734,1.8083743532067404,3.074925643574392e-13,914.8979591836735
39,4,3,0.43333333333333335,0.885,0.9148979591836734,1.8163402767564925,3.1357295891459623e-13,914.8979591836735
39,4,4,0.45,0.885,0.9148979591836734,1.8233945774301183,3.1953890753175816e-13,914.8979591836735
39,4,5,0.4666666666666667,0.885,0.9148979591836734,1.8299339639720225,3.257593929635367e-13,914.8979591836735
39,4,6,0.48333333333333334,0.885,0.9148979591836734,1.8362082792891699,3.3226661768475336e-13,914.8979591836735
39,4,7,0.5,0.885,0.9148979591836734,1.8419158827124875,3.3878182751302185e-13,914.8979591836735
39,5,1,0.4,0.98,0.9148979591836734,1.8116562114705208,3.2355474852795433e-13,914.8979591836735
39,5,2,0.4166666666666667,0.98,0.9148979591836734,1.82005523665765,3.29831549901438e-13,914.8979591836735
39,5,3,0.43333333333333335,0.98,0.9148979591836734,1.827991909284449,3.364699680090807e-13,914.8979591836735
39,5,4,0.45,0.98,0.9148979591836734,1.8350191939816245,3.429732045360836e-13,914.8979591836735
39,5,5,0.4666666666666667,0.98,0.9148979591836734,1.841536747046894,3.4975978368895404e-13,914.8979591836735
39,5,6,0.48333333333333334,0.98,0.9148979591836734,1.8477849002470834,3.5683387213015954e-13,914.8979591836735
39,5,7,0.5,0.98,0.9148979591836734,1.8534674232069854,3.639000571395218e-13,914.8979591836735
39,6,1,0.4,1.075,0.9148979591836734,1.8202858704939076,3.4572922888509183e-13,914.8979591836735
39,6,2,0.4166666666666667,1.075,0.9148979591836734,1.8286687559773929,3.5255987729812665e-13,914.8979591836735
39,6,3,0.43333333333333335,1.075,0.9148979591836734,1.8365881779242172,3.5976819306990654e-13,914.8979591836735
39,6,4,0.45,1.075,0.9148979591836734,1.843599862074146,3.6682271806546286e-13,914.8979591836735
39,6,5,0.4666666666666667,1.075,0.9148979591836734,1.8501080732032333,3.7423002872846257e-13,914.8979591836735
39,6,6,0.48333333333333334,1.075,0.9148979591836734,1.8563407239994965,3.818816755096906e-13,914.8979591836735
39,6,7,0.5,1.075,0.9148979591836734,1.8619910085862859,3.894060426055188e-13,914.8979591836735
39,7,1,0.4,1.17,0.9148979591836734,1.8271483939379594,3.694034587688392e-13,914.8979591836735
39,7,2,0.4166666666666667,1.17,0.9148979591836734,1.8355109733481336,3.767799324000535e-13,914.8979591836735
39,7,3,0.43333333333333335,1.17,0.9148979591836734,1.8434101541616865,3.845549595921664e-13,914.8979591836735
39,7,4,0.45,1.17,0.9148979591836734,1.850403404473949,3.921575664988201e-13,914.8979591836735
39,7,5,0.4666666666666667,1.17,0.9148979591836734,1.8568946542425817,4.001386035738447e-13,914.8979591836735
39,7,6,0.48333333333333334,1.17,0.9148979591836734,1.8631098536666113,4.083741193958563e-13,914.8979591836735
39,7,7,0.5,1.17,0.9148979591836734,1.8687469766172966,4.1647841568052506e-13,914.8979591836735
40,1,1,0.4,0.6,0.9258163265306122,1.7225496172048311,2.5707484518629084e-13,925.8163265306122
40,1,2,0.4166666666666667,0.6,0.9258163265306122,1.731148509162107,2.6113195720506977e-13,925.8163265306122
40,1,3,0.43333333333333335,0.6,0.9258163265306122,1.7393022078034583,2.655241014090093e-13,925.8163265306122
40,1,4,0.45,0.6,0.9258163265306122,1.7465348517890018,2.6989710313235843e-13,925.8163265306122
40,1,5,0.4666666666666667,0.6,0.9258163265306122,1.7532446682955305,2.744667566202203e-13,925.8163265306122
40,1,6,0.48333333333333334,0.6,0.9258163265306122,1.7597103414548896,2.7937078112754485e-13,925.8163265306122
40,1,7,0.5,0.6,0.9258163265306122,1.7656384900327418,2.8442546139646173e-13,925.8163265306122
40,2,1,0.4,0.695,0.9258163265306122,1.7558342234550441,2.6826829438216163e-13,925.8163265306122
40,2,2,0.4166666666666667,0.695,0.9258163265306122,1.7644401820925812,2.7289841223073996e-13,925.8163265306122
40,2,3,0.43333333333333335,0.695,0.9258163265306122,1.772586370043921,2.7785226688647605e-13,925.8163265306122
40,2,4,0.45,0.695,0.9258163265306122,1.779807870486225,2.8275177238195564e-13,925.8163265306122
40,2,5,0.4666666666666667,0.695,0.9258163265306122,1.786543647882676,2.879959402413124e-13,925.8163265306122
40,2,6,0.48333333333333334,0.695,0.9258163265306122,1.7929842959939557,2.934028322313635e-13,925.8163265306122
40,2,7,0.5,0.695,0.9258163265306122,1.798794418298201,2.986923853332068e-13,925.8163265306122
40,3,1,0.4,0.7899999999999999,0.9258163265306122,1.7788811253960877,2.84924968527135e-13,925.8163265306122
40,3,2,0.4166666666666667,0.7899999999999999,0.9258163265306122,1.7874480164276143,2.900833738734197e-13,925.8163265306122
40,3,3,0.43333333333333335,0.7899999999999999,0.9258163265306122,1.7955505409329067,2.955717685843534e-13,925.8163265306122
40,3,4,0.45,0.7899999999999999,0.9258163265306122,1.8027298351845213,3.0097737092212493e-13,925.8163265306122
40,3,5,0.4666666666666667,0.7899999999999999,0.9258163265306122,1.8094216636305787,3.067365850193984e-13,925.8163265306122
40,3,6,0.48333333333333334,0.7899999999999999,0.9258163265306122,1.815817743823008,3.1266496751051564e-13,925.8163265306122
40,3,7,0.5,0.7899999999999999,0.9258163265306122,1.821603020998838,3.184794469069148e-13,925.8163265306122
40,4,1,0.4,0.885,0.9258163265306122,1.795392430593598,3.051606025015884e-13,925.8163265306122
40,4,2,0.4166666666666667,0.885,0.9258163265306122,1.8039187610777927,3.1084171224948716e-13,925.8163265306122
40,4,3,0.43333333333333335,0.885,0.9258163265306122,1.811981451880835,3.1687352794195283e-13,925.8163265306122
40,4,4,0.45,0.885,0.9258163265306122,1.8191238790694202,3.2279925727020326e-13,925.8163265306122
40,4,5,0.4666666666666667,0.885,0.9258163265306122,1.825750940526932,3.289876704082368e-13,925.8163265306122
40,4,6,0.48333333333333334,0.885,0.9258163265306122,1.8321100853807661,3.3546813272133844e-13,925.8163265306122
40,4,7,0.5,0.885,0.9258163265306122,1.8378970851016232,3.4196451493959637e-13,925.8163265306122
40,5,1,0.4,0.98,0.9258163265306122,1.8073763340704312,3.2689756360886697e-13,925.8163265306122
40,5,2,0.4166666666666667,0.98,0.9258163265306122,1.815873769200703,3.3311637752154385e-13,925.8163265306122
40,5,3,0.43333333333333335,0.98,0.9258163265306122,1.8239069986959924,3.397038781071663e-13,925.8163265306122
40,5,4,0.45,0.98,0.9258163265306122,1.831022122823376,3.461644365182185e-13,925.8163265306122
40,5,5,0.4666666666666667,0.98,0.9258163265306122,1.837627233346916,3.5291702221458886e-13,925.8163265306122
40,5,6,0.48333333333333334,0.98,0.9258163265306122,1.8439597702471877,3.599616427499304e-13,925.8163265306122
40,5,7,0.5,0.98,0.9258163265306122,1.8497210975021687,3.6700575552954547e-13,925.8163265306122
40,6,1,0.4,1.075,0.9258163265306122,1.816210396784831,3.4906129971082876e-13,925.8163265306122
40,6,2,0.4166666666666667,1.075,0.9258163265306122,1.8246917347067273,3.558318551957425e-13,925.8163265306122
40,6,3,0.43333333333333335,1.075,0.9258163265306122,1.8327076320361488,3.6298691673248987e-13,925.8163265306122
40,6,4,0.45,1.075,0.9258163265306122,1.8398070368303292,3.6999648127981003e-13,925.8163265306122
40,6,5,0.4666666666666667,1.075,0.9258163265306122,1.8464031941745118,3.773707125656336e-13,925.8163265306122
40,6,6,0.48333333333333334,1.075,0.9258163265306122,1.8527199670496455,3.8499028694194427e-13,925.8163265306122
40,6,7,0.5,1.075,0.9258163265306122,1.8584477743326422,3.9248572681599096e-13,925.8163265306122
40,7,1,0.4,1.17,0.9258163265306122,1.823236834825504,3.7276622408618684e-13,925.8163265306122
40,7,2,0.4166666666666667,1.17,0.9258163265306122,1.8316975575669936,3.800793768353812e-13,925.8163265306122
40,7,3,0.43333333333333335,1.17,0.9258163265306122,1.8396928431708048,3.877978716012083e-13,925.8163265306122
40,7,4,0.45,1.17,0.9258163265306122,1.8467734387020849,3.9535237633760945e-13,925.8163265306122
40,7,5,0.4666666666666667,1.17,0.9258163265306122,1.8533522179644155,4.0329753448280424e-13,925.8163265306122
40,7,6,0.48333333333333334,1.17,0.9258163265306122,1.8596511169642103,4.114980416838485e-13,925.8163265306122
40,7,7,0.5,1.17,0.9258163265306122,1.865365486820739,4.1957072715938186e-13,925.8163265306122
41,1,1,0.4,0.6,0.9367346938775509,1.7163950657389218,2.6160328255343974e-13,936.734693877551
41,1,2,0.4166666666666667,0.6,0.9367346938775509,1.7250826372510597,2.6558974743511683e-13,936.734693877551
41,1,3,0.43333333333333335,0.6,0.9367346938775509,1.7333255279174147,2.699231470024476e-13,936.734693877551
41,1,4,0.45,0.6,0.9367346938775509,1.7406405874282822,2.742498625281569e-13,936.734693877551
41,1,5,0.4666666666666667,0.6,0.9367346938775509,1.747432187325837,2.7877961539321785e-13,936.734693877551
41,1,6,0.48333333333333334,0.6,0.9367346938775509,1.7539797843148182,2.836568099009726e-13,936.734693877551
41,1,7,0.5,0.6,0.9367346938775509,1.7599880077612184,2.887005739572148e-13,936.734693877551
41,2,1,0.4,0.695,0.9367346938775509,1.7503903786890826,2.7221691846083203e-13,936.734693877551
41,2,2,0.4166666666666667,0.695,0.9367346938775509,1.7590915032261265,2.7678691222216784e-13,936.734693877551
41,2,3,0.43333333333333335,0.695,0.9367346938775509,1.7673321113863527,2.8169000242732504e-13,936.734693877551
41,2,4,0.45,0.695,0.9367346938775509,1.7746402036743743,2.8654904168436343e-13,936.734693877551
41,2,5,0.4666666666666667,0.695,0.9367346938775509,1.7814647752751709,2.917671750020385e-13,936.734693877551
41,2,6,0.48333333333333334,0.695,0.9367346938775509,1.7879898552661029,2.971489601382375e-13,936.734693877551
41,2,7,0.5,0.695,0.9367346938775509,1.7938765673456385,3.024156393520967e-13,936.734693877551
41,3,1,0.4,0.7899999999999999,0.9367346938775509,1.7739505781560292,2.885603103728454e-13,936.734693877551
41,3,2,0.4166666666666667,0.7899999999999999,0.9367346938775509,1.782614376115133,2.936611554926879e-13,936.734693877551
41,3,3,0.43333333333333335,0.7899999999999999,0.9367346938775509,1.790812487754331,2.9910013990869076e-13,936.734693877551
41,3,4,0.45,0.7899999999999999,0.9367346938775509,1.798079106209947,3.044655792256274e-13,936.734693877551
41,3,5,0.4666666666666667,0.7899999999999999,0.9367346938775509,1.8048597858374675,3.101977959151852e-13,936.734693877551
41,3,6,0.48333333333333334,0.7899999999999999,0.9367346938775509,1.8113404194441325,3.161000400719664e-13,936.734693877551
41,3,7,0.5,0.7899999999999999,0.9367346938775509,1.817203064852767,3.218908951166956e-13,936.734693877551
41,4,1,0.4,0.885,0.9367346938775509,1.790835811640849,3.086369365527203e-13,936.734693877551
41,4,2,0.4166666666666667,0.885,0.9367346938775509,1.7994593121479705,3.1425939862357254e-13,936.734693877551
41,4,3,0.43333333333333335,0.885,0.9367346938775509,1.807617649785539,3.202402676039619e-13,936.734693877551
41,4,4,0.45,0.885,0.9367346938775509,1.8148472952110046,3.261238260612421e-13,936.734693877551
41,4,5,0.4666666666666667,0.885,0.9367346938775509,1.8215612245500983,3.322782524799069e-13,936.734693877551
41,4,6,0.48333333333333334,0.885,0.9367346938775509,1.8280045433531888,3.387303792937749e-13,936.734693877551
41,4,7,0.5,0.885,0.9367346938775509,1.8338704351259785,3.452067016114818e-13,936.734693877551
41,5,1,0.4,0.98,0.9367346938775509,1.8030963330608134,3.3030381999443886e-13,936.734693877551
41,5,2,0.4166666666666667,0.98,0.9367346938775509,1.8116909620707529,3.364621874158456e-13,936.734693877551
41,5,3,0.43333333333333335,0.98,0.9367346938775509,1.8198196955073562,3.4299659476275524e-13,936.734693877551
41,5,4,0.45,0.98,0.9367346938775509,1.827021803968272,3.4941267933436406e-13,936.734693877551
41,5,5,0.4666666666666667,0.98,0.9367346938775509,1.833713719069273,3.5612949007280254e-13,936.734693877551
41,5,6,0.48333333333333334,0.98,0.9367346938775509,1.8401300201824005,3.631431718354435e-13,936.734693877551
41,5,7,0.5,0.98,0.9367346938775509,1.845969668199966,3.7016403661671733e-13,936.734693877551
41,6,1,0.4,1.075,0.9367346938775509,1.8121367384818077,3.524514358891914e-13,936.734693877551
41,6,2,0.4166666666666667,1.075,0.9367346938775509,1.8207153655262678,3.5915957652966916e-13,936.734693877551
41,6,3,0.43333333333333335,1.075,0.9367346938775509,1.8288267290291815,3.662593220880273e-13,936.734693877551
41,6,4,0.45,1.075,0.9367346938775509,1.8360130344224317,3.7322222384088714e-13,936.734693877551
41,6,5,0.4666666666666667,1.075,0.9367346938775509,1.8426964442245044,3.805617575940588e-13,936.734693877551
41,6,6,0.48333333333333334,1.075,0.9367346938775509,1.8490967419883322,3.881478349269585e-13,936.734693877551
41,6,7,0.5,1.075,0.9367346938775509,1.8549015661664532,3.956130894814645e-13,936.734693877551
41,7,1,0.4,1.17,0.9367346938775509,1.8193287589348444,3.7618329644374335e-13,936.734693877551
41,7,2,0.4166666666666667,1.17,0.9367346938775509,1.8278864904939343,3.834308793276178e-13,936.734693877551
41,7,3,0.43333333333333335,1.17,0.9367346938775509,1.8359768945329293,3.910908392981887e-13,936.734693877551
41,7,4,0.45,1.17,0.9367346938775509,1.8431440324041604,3.985955864228796e-13,936.734693877551
41,7,5,0.4666666666666667,1.17,0.9367346938775509,1.849809658270235,4.0650326473692357e-13,936.734693877551
41,7,6,0.48333333333333334,1.17,0.9367346938775509,1.8561916698670629,4.146673619689841e-13,936.734693877551
41,7,7,0.5,1.17,0.9367346938775509,1.8619827927288644,4.227071999285031e-13,936.734693877551
42,1,1,0.4,0.6,0.9476530612244898,1.710230736833617,2.662698947988898e-13,947.6530612244898
42,1,2,0.4166666666666667,0.6,0.9476530612244898,1.7190045322585015,2.7018003234965775e-13,947.6530612244898
42,1,3,0.43333333333333335,0.6,0.9476530612244898,1.7273344889227316,2.7444975958500736e-13,947.6530612244898
42,1,4,0.45,0.6,0.9476530612244898,1.7347302295921079,2.787261569456198e-13,947.6530612244898
42,1,5,0.4666666666666667,0.6,0.9476530612244898,1.7416019906371323,2.832120495607501e-13,947.6530612244898
42,1,6,0.48333333333333334,0.6,0.9476530612244898,1.7482302345641427,2.8805933507746577e-13,947.6530612244898
42,1,7,0.5,0.6,0.9476530612244898,1.7543176327887078,2.930900535842792e-13,947.6530612244898
42,2,1,0.4,0.695,0.9476530612244898,1.7449380396674836,2.762705020825311e-13,947.6530612244898
42,2,2,0.4166666666666667,0.695,0.9476530612244898,1.7537325514800637,2.807763695314608e-13,947.6530612244898
42,2,3,0.43333333333333335,0.695,0.9476530612244898,1.7620660450549286,2.8562519943102623e-13,947.6530612244898
42,2,4,0.45,0.695,0.9476530612244898,1.7694594849583183,2.904409084522489e-13,947.6530612244898
42,2,5,0.4666666666666667,0.695,0.9476530612244898,1.7763718491072809,2.9563057425533207e-13,947.6530612244898
42,2,6,0.48333333333333334,0.695,0.9476530612244898,1.7829804521809627,3.0098499295225665e-13,947.6530612244898
42,2,7,0.5,0.695,0.9476530612244898,1.7889429325669668,3.0622675187767e-13,947.6530612244898
42,3,1,0.4,0.7899999999999999,0.9476530612244898,1.7690144438753765,2.922810317017826e-13,947.6530612244898
42,3,2,0.4166666666666667,0.7899999999999999,0.9476530612244898,1.7777736725709863,2.9732109838146085e-13,947.6530612244898
42,3,3,0.43333333333333335,0.7899999999999999,0.9476530612244898,1.786066095476537,3.0270784562884796e-13,947.6530612244898
42,3,4,0.45,0.7899999999999999,0.9476530612244898,1.7934190035614004,3.080307993903154e-13,947.6530612244898
42,3,5,0.4666666666666667,0.7899999999999999,0.9476530612244898,1.8002876895020812,3.1373397644437735e-13,947.6530612244898
42,3,6,0.48333333333333334,0.7899999999999999,0.9476530612244898,1.8068521239313866,3.1960822212647474e-13,947.6530612244898
42,3,7,0.5,0.7899999999999999,0.9476530612244898,1.8127914763425281,3.253737845244611e-13,947.6530612244898
42,4,1,0.4,0.885,0.9476530612244898,1.7862764281659005,3.121864732454586e-13,947.6530612244898
42,4,2,0.4166666666666667,0.885,0.9476530612244898,1.794995771847603,3.177474805702514e-13,947.6530612244898
42,4,3,0.43333333333333335,0.885,0.9476530612244898,1.8032486080567114,3.236749285608885e-13,947.6530612244898
42,4,4,0.45,0.885,0.9476530612244898,1.8105645391635825,3.295142759227399e-13,947.6530612244898
42,4,5,0.4666666666666667,0.885,0.9476530612244898,1.817364505155403,3.3563272359814607e-13,947.6530612244898
42,4,6,0.48333333333333334,0.885,0.9476530612244898,1.8238913203924876,3.420548726602361e-13,947.6530612244898
42,4,7,0.5,0.885,0.9476530612244898,1.8298355812524312,3.4850984665141875e-13,947.6530612244898
42,5,1,0.4,0.98,0.9476530612244898,1.7988159418864167,3.3377514801269236e-13,947.6530612244898
42,5,2,0.4166666666666667,0.98,0.9476530612244898,1.807506525200302,3.3987051099258464e-13,947.6530612244898
42,5,3,0.43333333333333335,0.98,0.9476530612244898,1.815729687305677,3.4634956223898896e-13,947.6530612244898
42,5,4,0.45,0.98,0.9476530612244898,1.8230179052856894,3.527193043381567e-13,947.6530612244898
42,5,5,0.4666666666666667,0.98,0.9476530612244898,1.829795852196004,3.593984963398199e-13,947.6530612244898
42,5,6,0.48333333333333334,0.98,0.9476530612244898,1.8362952797138687,3.6637971160052644e-13,947.6530612244898
42,5,7,0.5,0.98,0.9476530612244898,1.842212749051857,3.7337610562392444e-13,947.6530612244898
42,6,1,0.4,1.075,0.9476530612244898,1.8080645918465716,3.5590103689475236e-13,947.6530612244898
42,6,2,0.4166666666666667,1.075,0.9476530612244898,1.8167393250495574,3.625443564147922e-13,947.6530612244898
42,6,3,0.43333333333333335,1.075,0.9476530612244898,1.8249451265838355,3.695866497568176e-13,947.6530612244898
42,6,4,0.45,1.075,0.9476530612244898,1.8322174956487514,3.7650112383259133e-13,947.6530612244898
42,6,5,0.4666666666666667,1.075,0.9476530612244898,1.8389874476740788,3.8380429244403807e-13,947.6530612244898
42,6,6,0.48333333333333334,1.075,0.9476530612244898,1.8454706570146118,3.913553991102199e-13,947.6530612244898
42,6,7,0.5,1.075,0.9476530612244898,1.8513519773021934,3.987891666861921e-13,947.6530612244898
42,7,1,0.4,1.17,0.9476530612244898,1.8154238389140527,3.7965590653763926e-13,947.6530612244898
42,7,2,0.4166666666666667,1.17,0.9476530612244898,1.824077427726732,3.8683559626172845e-13,947.6530612244898
42,7,3,0.43333333333333335,1.17,0.9476530612244898,1.8322619471923989,3.944349533057305e-13,947.6530612244898
42,7,4,0.45,1.17,0.9476530612244898,1.8395148095209486,4.0188823194879294e-13,947.6530612244898
42,7,5,0.4666666666666667,1.17,0.9476530612244898,1.8462665841897066,4.0975678651460946e-13,947.6530612244898
42,7,6,0.48333333333333334,1.17,0.9476530612244898,1.8527311067578673,4.1788302918290106e-13,947.6530612244898
42,7,7,0.5,1.17,0.9476530612244898,1.8585984750846871,4.258887444282544e-13,947.6530612244898
43,1,1,0.4,0.6,0.9585714285714285,1.7040573311213911,2.710799541651926e-13,958.5714285714286
43,1,2,0.4166666666666667,0.6,0.9585714285714285,1.7129147878415654,2.7490767273540057e-13,958.5714285714286
43,1,3,0.43333333333333335,0.6,0.9585714285714285,1.7213295875674028,2.7910844711573583e-13,958.5714285714286
43,1,4,0.45,0.6,0.9585714285714285,1.7288041929614237,2.833302075452564e-13,958.5714285714286
43,1,5,0.4666666666666667,0.6,0.9585714285714285,1.7357544135776213,2.877680062746747e-13,958.5714285714286
43,1,6,0.48333333333333334,0.6,0.9585714285714285,1.7424619589193802,2.9258208495012614e-13,958.5714285714286
43,1,7,0.5,0.6,0.9585714285714285,1.7486275765497845,2.975974713231743e-13,958.5714285714286
43,2,1,0.4,0.695,0.9585714285714285,1.7394773870378983,2.8043257603914253e-13,958.5714285714286
43,2,2,0.4166666666666667,0.695,0.9585714285714285,1.748363445254013,2.848700746506047e-13,958.5714285714286
43,2,3,0.43333333333333335,0.695,0.9585714285714285,1.7567882327263444,2.8966094021378187e-13,958.5714285714286
43,2,4,0.45,0.695,0.9585714285714285,1.7642657277029137,2.9443028423971604e-13,958.5714285714286
43,2,5,0.4666666666666667,0.695,0.9585714285714285,1.7712648396993131,2.9958891041440017e-13,958.5714285714286
43,2,6,0.48333333333333334,0.695,0.9585714285714285,1.777956015772111,3.0491356958434084e-13,958.5714285714286
43,2,7,0.5,0.695,0.9585714285714285,1.7839934051212238,3.101282410359747e-13,958.5714285714286
43,3,1,0.4,0.7899999999999999,0.9585714285714285,1.7640726736918921,2.9608973691308446e-13,958.5714285714286
43,3,2,0.4166666666666667,0.7899999999999999,0.9585714285714285,1.7729258158506938,3.0106564086844445e-13,958.5714285714286
43,3,3,0.43333333333333335,0.7899999999999999,0.9585714285714285,1.7813112362630348,3.063971791323402e-13,958.5714285714286
43,3,4,0.45,0.7899999999999999,0.9585714285714285,1.7887493667863357,3.1167520507076806e-13,958.5714285714286
43,3,5,0.4666666666666667,0.7899999999999999,0.9585714285714285,1.7957051843869942,3.173472018053865e-13,958.5714285714286
43,3,6,0.48333333333333334,0.7899999999999999,0.9585714285714285,1.802352638407385,3.2319149482444376e-13,958.5714285714286
43,3,7,0.5,0.7899999999999999,0.9585714285714285,1.8083680102627921,3.289300119586453e-13,958.5714285714286
43,4,1,0.4,0.885,0.9585714285714285,1.781714116479515,3.1581125391519357e-13,958.5714285714286
43,4,2,0.4166666666666667,0.885,0.9585714285714285,1.7905279465094959,3.2130787239257616e-13,958.5714285714286
43,4,3,0.43333333333333335,0.885,0.9585714285714285,1.798874104974458,3.2717931369343107e-13,958.5714285714286
43,4,4,0.45,0.885,0.9585714285714285,1.8062753647587595,3.32972317081721e-13,958.5714285714286
43,4,5,0.4666666666666667,0.885,0.9585714285714285,1.813160511834885,3.390527124431675e-13,958.5714285714286
43,4,6,0.48333333333333334,0.885,0.9585714285714285,1.8197701239437467,3.454431692005461e-13,958.5714285714286
43,4,7,0.5,0.885,0.9585714285714285,1.8257922121164152,3.5187544785940653e-13,958.5714285714286
43,5,1,0.4,0.98,0.9585714285714285,1.7945349321851363,3.3731322551204474e-13,958.5714285714286
43,5,2,0.4166666666666667,0.98,0.9585714285714285,1.8033202067369063,3.4334292288825394e-13,958.5714285714286
43,5,3,0.43333333333333335,0.98,0.9585714285714285,1.8116366999213032,3.497642643394339e-13,958.5714285714286
43,5,4,0.45,0.98,0.9585714285714285,1.8190101329171644,3.5608571946317227e-13,958.5714285714286
43,5,5,0.4666666666666667,0.98,0.9585714285714285,1.8258733190211274,3.627253836812289e-13,958.5714285714286
43,5,6,0.48333333333333334,0.98,0.9585714285714285,1.832455216862343,3.696725455027541e-13,958.5714285714286
43,5,7,0.5,0.98,0.9585714285714285,1.8384499922197817,3.7664319717008555e-13,958.5714285714286
43,6,1,0.4,1.075,0.9585714285714285,1.8039936896075,3.5941153967193027e-13,958.5714285714286
43,6,2,0.4166666666666667,1.075,0.9585714285714285,1.8127633265326335,3.659875440682943e-13,958.5714285714286
43,6,3,0.43333333333333335,1.075,0.9585714285714285,1.821062519191064,3.7297017156431964e-13,958.5714285714286
43,6,4,0.45,1.075,0.9585714285714285,1.8284200982650285,3.7983438822491184e-13,958.5714285714286
43,6,5,0.4666666666666667,1.075,0.9585714285714285,1.8352758659592914,3.8709947235094443e-13,958.5714285714286
43,6,6,0.48333333333333334,1.075,0.9585714285714285,1.8418413575887689,3.9461408386998024e-13,958.5714285714286
43,6,7,0.5,1.075,0.9585714285714285,1.8477986383442762,4.0201501763805033e-13,958.5714285714286
43,7,1,0.4,1.17,0.9585714285714285,1.8115217827435706,3.831853154964093e-13,958.5714285714286
43,7,2,0.4166666666666667,1.17,0.9585714285714285,1.8202700604763298,3.902947117198254e-13,958.5714285714286
43,7,3,0.43333333333333335,1.17,0.9585714285714285,1.8285476759693913,3.978313295880453e-13,958.5714285714286
43,7,4,0.45,1.17,0.9585714285714285,1.8358854300959313,4.0523137157299377e-13,958.5714285714286
43,7,5,0.4666666666666667,1.17,0.9585714285714285,1.8427226410846522,4.130591135192366e-13,958.5714285714286
43,7,6,0.48333333333333334,1.17,0.9585714285714285,1.8492690585638452,4.2114601224670653e-13,958.5714285714286
43,7,7,0.5,1.17,0.9585714285714285,1.8552121513626758,4.291162897789554e-13,958.5714285714286
44,1,1,0.4,0.6,0.9694897959183673,1.6978756327001083,2.760389942820119e-13,969.4897959183672
44,1,2,0.4166666666666667,0.6,0.9694897959183673,1.706814077259934,2.7977775784787536e-13,969.4897959183672
44,1,3,0.43333333333333335,0.6,0.9694897959183673,1.7153113966617382,2.8390391861305044e-13,969.4897959183672
44,1,4,0.45,0.6,0.9694897959183673,1.722862965272368,2.880664149745761e-13,969.4897959183672
44,1,5,0.4666666666666667,0.6,0.9694897959183673,1.7298898617884486,2.9245159166491657e-13,969.4897959183672
44,1,6,0.48333333333333334,0.6,0.9694897959183673,1.7366752918552022,2.97228930898984e-13,969.4897959183672
44,1,7,0.5,0.6,0.9694897959183673,1.742918116039934,3.022265301576371e-13,969.4897959183672
44,2,1,0.4,0.695,0.9694897959183673,1.7340086574573588,2.847068134167314e-13,969.4897959183672
44,2,2,0.4166666666666667,0.695,0.9694897959183673,1.7429843572253718,2.890714449593906e-13,969.4897959183672
44,2,3,0.43333333333333335,0.695,0.9694897959183673,1.751498788788561,2.938004209992833e-13,969.4897959183672
44,2,4,0.45,0.695,0.9694897959183673,1.7590589966633026,2.9852018417980237e-13,969.4897959183672
44,2,5,0.4666666666666667,0.695,0.9694897959183673,1.7661437675786298,3.0364505086711297e-13,969.4897959183672
44,2,6,0.48333333333333334,0.695,0.9694897959183673,1.7729165241996852,3.089374160636474e-13,969.4897959183672
44,2,7,0.5,0.695,0.9694897959183673,1.7790279243554816,3.1412270509672825e-13,969.4897959183672
44,3,1,0.4,0.7899999999999999,0.9694897959183673,1.7591252631603769,2.999891226800473e-13,969.4897959183672
44,3,2,0.4166666666666667,0.7899999999999999,0.9694897959183673,1.768070759667837,3.04897304469414e-13,969.4897959183672
44,3,3,0.43333333333333335,0.7899999999999999,0.9694897959183673,1.7765478252559128,3.101705092621015e-13,969.4897959183672
44,3,4,0.45,0.7899999999999999,0.9694897959183673,1.7840700778415943,3.1540103918388087e-13,969.4897959183672
44,3,5,0.4666666666666667,0.7899999999999999,0.9694897959183673,1.7911121221669337,3.210396110710978e-13,969.4897959183672
44,3,6,0.48333333333333334,0.7899999999999999,0.9694897959183673,1.7978417854550157,3.268518983913588e-13,969.4897959183672
44,3,7,0.5,0.7899999999999999,0.9694897959183673,1.8039324624739634,3.325615291059142e-13,969.4897959183672
44,4,1,0.4,0.885,0.9694897959183673,1.7771487516960438,3.1951338539223904e-13,969.4897959183672
44,4,2,0.4166666666666667,0.885,0.9694897959183673,1.7860556809987325,3.2494254776945147e-13,969.4897959183672
44,4,3,0.43333333333333335,0.885,0.9694897959183673,1.7944939571129082,3.3075528001866885e-13,969.4897959183672
44,4,4,0.45,0.885,0.9694897959183673,1.8019795639255551,3.364997096920777e-13,969.4897959183672
44,4,5,0.4666666666666667,0.885,0.9694897959183673,1.8089490120094112,3.425398935055948e-13,969.4897959183672
44,4,6,0.48333333333333334,0.885,0.9694897959183673,1.8156406992392833,3.488968678190966e-13,969.4897959183672
44,4,7,0.5,0.885,0.9694897959183673,1.8217400540302002,3.553050430030561e-13,969.4897959183672
44,5,1,0.4,0.98,0.9694897959183673,1.790253111354826,3.409197795709166e-13,969.4897959183672
44,5,2,0.4166666666666667,0.98,0.9694897959183673,1.7991317905842346,3.468810424853204e-13,969.4897959183672
44,5,3,0.43333333333333335,0.98,0.9694897959183673,1.8075404949452698,3.5324222576200337e-13,969.4897959183672
44,5,4,0.45,0.98,0.9694897959183673,1.8149982287736732,3.5951337044398994e-13,969.4897959183672
44,5,5,0.4666666666666667,0.98,0.9694897959183673,1.8219458416289906,3.661115294669788e-13,969.4897959183672
44,5,6,0.48333333333333334,0.98,0.9694897959183673,1.8286095354689373,3.730229892597719e-13,969.4897959183672
44,5,7,0.5,0.98,0.9694897959183673,1.8346810857214282,3.7996657620913347e-13,969.4897959183672
44,6,1,0.4,1.075,0.9694897959183673,1.7999237984754561,3.6298441992165707e-13,969.4897959183672
44,6,2,0.4166666666666667,1.075,0.9694897959183673,1.8087871173674337,3.694905239597073e-13,969.4897959183672
44,6,3,0.43333333333333335,1.075,0.9694897959183673,1.8171786356251451,3.7641119157376893e-13,969.4897959183672
44,6,4,0.45,1.075,0.9694897959183673,1.8246205544399723,3.8322325381018516e-13,969.4897959183672
44,6,5,0.4666666666666667,1.075,0.9694897959183673,1.8315613950704834,3.904484800271128e-13,969.4897959183672
44,6,6,0.48333333333333334,1.075,0.9694897959183673,1.8382085238563795,3.9792501911745636e-13,969.4897959183672
44,6,7,0.5,1.075,0.9694897959183673,1.84424121469824,4.05291725405452e-13,969.4897959183672
44,7,1,0.4,1.17,0.9694897959183673,1.8076223312203579,3.8677281588646535e-13,969.4897959183672
44,7,2,0.4166666666666667,1.17,0.9694897959183673,1.8164641130305645,3.9380943838498914e-13,969.4897959183672
44,7,3,0.43333333333333335,1.17,0.9694897959183673,1.8248337890051622,4.0128111026662095e-13,969.4897959183672
44,7,4,0.45,1.17,0.9694897959183673,1.8322555877050029,4.08626088158876e-13,969.4897959183672
44,7,5,0.4666666666666667,1.17,0.9694897959183673,1.8391775080640482,4.1641128167745565e-13,969.4897959183672
44,7,6,0.48333333333333334,1.17,0.9694897959183673,1.84580519015842,4.2445730071498606e-13,969.4897959183672
44,7,7,0.5,1.17,0.9694897959183673,1.85182347315886,4.323907843766847e-13,969.4897959183672
45,1,1,0.4,0.6,0.9804081632653061,1.6916865087967763,2.8115282876515013e-13,980.4081632653061
45,1,2,0.4166666666666667,0.6,0.9804081632653061,1.7007031529162664,2.847956210244971e-13,980.4081632653061
45,1,3,0.43333333333333335,0.6,0.9804081632653061,1.709280564491841,2.8884109732672244e-13,980.4081632653061
45,1,4,0.45,0.6,0.9804081632653061,1.7169071066144153,2.9293937066211225e-13,980.4081632653061
45,1,5,0.4666666666666667,0.6,0.9804081632653061,1.7240088103974558,2.972670804451591e-13,980.4081632653061
45,1,6,0.48333333333333334,0.6,0.9804081632653061,1.730870634686924,3.0200389566266973e-13,980.4081632653061
45,1,7,0.5,0.6,0.9804081632653061,1.737189592788438,3.0698107232975434e-13,980.4081632653061
45,2,1,0.4,0.695,0.9804081632653061,1.7285321421178281,2.8909703703509174e-13,980.4081632653061
45,2,2,0.4166666666666667,0.695,0.9804081632653061,1.7375955128040694,2.933840310831962e-13,980.4081632653061
45,2,3,0.43333333333333335,0.695,0.9804081632653061,1.7461978787267898,2.9804695738408606e-13,980.4081632653061
45,2,4,0.45,0.695,0.9804081632653061,1.7538394063103218,3.027137317545524e-13,980.4081632653061
45,2,5,0.4666666666666667,0.695,0.9804081632653061,1.7610087017441993,3.078019621957483e-13,980.4081632653061
45,2,6,0.48333333333333334,0.695,0.9804081632653061,1.7678620029604917,3.130593492542222e-13,980.4081632653061
45,2,7,0.5,0.695,0.9804081632653061,1.774046475969285,3.1821282575467794e-13,980.4081632653061
45,3,1,0.4,0.7899999999999999,0.9804081632653061,1.7541722503310766,3.039819819850019e-13,980.4081632653061
45,3,2,0.4166666666666667,0.7899999999999999,0.9804081632653061,1.7632084994287773,3.0881869739789406e-13,980.4081632653061
45,3,3,0.43333333333333335,0.7899999999999999,0.9804081632653061,1.771775818569014,3.1403028338912626e-13,980.4081632653061
45,3,4,0.45,0.7899999999999999,0.9804081632653061,1.7793810590504953,3.1921061663545737e-13,980.4081632653061
45,3,5,0.4666666666666667,0.7899999999999999,0.9804081632653061,1.7865083943504763,3.2481340964175227e-13,980.4081632653061
45,3,6,0.48333333333333334,0.7899999999999999,0.9804081632653061,1.7933194270071289,3.3059153432563007e-13,980.4081632653061
45,3,7,0.5,0.7899999999999999,0.9804081632653061,1.7994846677643903,3.362703444876158e-13,980.4081632653061
45,4,1,0.4,0.885,0.9804081632653061,1.7725802456148012,3.232950425400663e-13,980.4081632653061
45,4,2,0.4166666666666667,0.885,0.9804081632653061,1.781578856563127,3.2865354199054185e-13,980.4081632653061
45,4,3,0.43333333333333335,0.885,0.9804081632653061,1.790108017161668,3.344047406682183e-13,980.4081632653061
45,4,4,0.45,0.885,0.9804081632653061,1.7976769644868078,3.4009826560714513e-13,980.4081632653061
45,4,5,0.4666666666666667,0.885,0.9804081632653061,1.8047298088015788,3.4609598868294887e-13,980.4081632653061
45,4,6,0.48333333333333334,0.885,0.9804081632653061,1.8115028270494116,3.5241761138862904e-13,980.4081632653061
45,4,7,0.5,0.885,0.9804081632653061,1.8176788687138816,3.588002111445884e-13,980.4081632653061
45,5,1,0.4,0.98,0.9804081632653061,1.7859703203382435,3.4459658825118694e-13,980.4081632653061
45,5,2,0.4166666666666667,0.98,0.9804081632653061,1.7949410941622594,3.5048653546881734e-13,980.4081632653061
45,5,3,0.43333333333333335,0.98,0.9804081632653061,1.8034408674663986,3.56785013487362e-13,980.4081632653061
45,5,4,0.45,0.98,0.9804081632653061,1.8109819682530734,3.630037420682166e-13,980.4081632653061
45,5,5,0.4666666666666667,0.98,0.9804081632653061,1.8180131755931677,3.6955834691254054e-13,980.4081632653061
45,5,6,0.48333333333333334,0.98,0.9804081632653061,1.8247579728767678,3.7643239188871787e-13,980.4081632653061
45,5,7,0.5,0.98,0.9804081632653061,1.8309057510966327,3.833475389899386e-13,980.4081632653061
45,6,1,0.4,1.075,0.9804081632653061,1.795854716877127,3.66621193411633e-13,980.4081632653061
45,6,2,0.4166666666666667,1.075,0.9804081632653061,1.8048104767934645,3.730547169823269e-13,980.4081632653061
45,6,3,0.43333333333333335,1.075,0.9804081632653061,1.8132932366354113,3.7991104713810063e-13,980.4081632653061
45,6,4,0.45,1.075,0.9804081632653061,1.8208186084301248,3.866689881569401e-13,980.4081632653061
45,6,5,0.4666666666666667,1.075,0.9804081632653061,1.827843763211101,3.938525265484022e-13,980.4081632653061
45,6,6,0.48333333333333334,1.075,0.9804081632653061,1.8345718682925443,4.0128936110998264e-13,980.4081632653061
45,6,7,0.5,1.075,0.9804081632653061,1.8406794042022645,4.0862039766582314e-13,980.4081632653061
45,7,1,0.4,1.17,0.9804081632653061,1.8037252556593009,3.9041973272920574e-13,980.4081632653061
45,7,2,0.4166666666666667,1.17,0.9804081632653061,1.8126593404359825,3.9738101845611455e-13,980.4081632653061
45,7,3,0.43333333333333335,1.17,0.9804081632653061,1.821120025425977,4.047854644461861e-13,980.4081632653061
45,7,4,0.45,1.17,0.9804081632653061,1.828625007105242,4.1207348952755663e-13,980.4081632653061
45,7,5,0.4666666666666667,1.17,0.9804081632653061,1.8356308956185208,4.198143498450395e-13,980.4081632653061
45,7,6,0.48333333333333334,1.17,0.9804081632653061,1.8423391979825756,4.27817905426543e-13,980.4081632653061
45,7,7,0.5,1.17,0.9804081632653061,1.848432123801014,4.357131964950352e-13,980.4081632653061
46,1,1,0.4,0.6,0.9913265306122448,1.685490909653065,2.864275714326349e-13,991.3265306122448
46,1,2,0.4166666666666667,0.6,0.9913265306122448,1.6945828461288126,2.8996685665394775e-13,991.3265306122448
46,1,3,0.43333333333333335,0.6,0.9913265306122448,1.7032378144720342,2.939251350496154e-13,991.3265306122448
46,1,4,0.45,0.6,0.9913265306122448,1.7109372489712429,2.979538690846712e-13,991.3265306122448
46,1,5,0.4666666666666667,0.6,0.9913265306122448,1.718111803458536,3.022189263458788e-13,991.3265306122448
46,1,6,0.48333333333333334,0.6,0.9913265306122448,1.7250484548989087,3.069111623169961e-13,991.3265306122448
46,1,7,0.5,0.6,0.9913265306122448,1.7314424120756142,3.118650872754855e-13,991.3265306122448
46,2,1,0.4,0.695,0.9913265306122448,1.723048185481743,2.936072273290309e-13,991.3265306122448
46,2,2,0.4166666666666667,0.695,0.9913265306122448,1.732197188800216,2.978115236219213e-13,991.3265306122448
46,2,3,0.43333333333333335,0.695,0.9913265306122448,1.7408857177244161,3.024039901152983e-13,991.3265306122448
46,2,4,0.45,0.695,0.9913265306122448,1.7486071193718646,3.070141638319006e-13,991.3265306122448
46,2,5,0.4666666666666667,0.695,0.9913265306122448,1.7558597581471491,3.1206271462500946e-13,991.3265306122448
46,2,6,0.48333333333333334,0.695,0.9913265306122448,1.762792523314378,3.1728228076685507e-13,991.3265306122448
46,2,7,0.5,0.695,0.9913265306122448,1.7690490903951899,3.224013715788069e-13,991.3265306122448
46,3,1,0.4,0.7899999999999999,0.9913265306122448,1.7492137140304493,3.080712083267017e-13,991.3265306122448
46,3,2,0.4166666666666667,0.7899999999999999,0.9913265306122448,1.7583390704713087,3.1283251822317923e-13,991.3265306122448
46,3,3,0.43333333333333335,0.7899999999999999,0.9913265306122448,1.7669952114862535,3.179790306110257e-13,991.3265306122448
46,3,4,0.45,0.7899999999999999,0.9913265306122448,1.774682271265685,3.231063271560079e-13,991.3265306122448
46,3,5,0.4666666666666667,0.7899999999999999,0.9913265306122448,1.781893930407692,3.286708717919568e-13,991.3265306122448
46,3,6,0.48333333333333334,0.7899999999999999,0.9913265306122448,1.7887854624423514,3.3441256767791244e-13,991.3265306122448
46,3,7,0.5,0.7899999999999999,0.9913265306122448,1.7950244979188712,3.4005852550700403e-13,991.3265306122448
46,4,1,0.4,0.885,0.9913265306122448,1.7680085448003744,3.271584708760776e-13,991.3265306122448
46,4,2,0.4166666666666667,0.885,0.9913265306122448,1.777097388883828,3.324429542632828e-13,991.3265306122448
46,4,3,0.43333333333333335,0.885,0.9913265306122448,1.785716171948269,3.3812966692934185e-13,991.3265306122448
46,4,4,0.45,0.885,0.9913265306122448,1.7933674281572418,3.4376985020795133e-13,991.3265306122448
46,4,5,0.4666666666666667,0.885,0.9913265306122448,1.8005027390107853,3.4972276892368726e-13,991.3265306122448
46,4,6,0.48333333333333334,0.885,0.9913265306122448,1.807356321635603,3.5600708823568744e-13,991.3265306122448
46,4,7,0.5,0.885,0.9913265306122448,1.8136084512289237,3.623625740052838e-13,991.3265306122448
46,5,1,0.4,0.98,0.9913265306122448,1.7816864316055487,3.48345482394638e-13,991.3265306122448
46,5,2,0.4166666666666667,0.98,0.9913265306122448,1.7907479663659296,3.5416111542142195e-13,991.3265306122448
46,5,3,0.43333333333333335,0.98,0.9913265306122448,1.799337644007787,3.6039423820157817e-13,991.3265306122448
46,5,4,0.45,0.98,0.9913265306122448,1.80696115815751,3.6655835945937517e-13,991.3265306122448
46,5,5,0.4666666666666667,0.98,0.9913265306122448,1.8140751078757447,3.730672862463591e-13,991.3265306122448
46,5,6,0.48333333333333334,0.98,0.9913265306122448,1.8209002978132938,3.7990213676897504e-13,991.3265306122448
46,5,7,0.5,0.98,0.9913265306122448,1.8271237412746304,3.8678741403744334e-13,991.3265306122448
46,6,1,0.4,1.075,0.9913265306122448,1.7917862728853964,3.7032341730911033e-13,991.3265306122448
46,6,2,0.4166666666666667,1.075,0.9913265306122448,1.8008332138073815,3.766815816454017e-13,991.3265306122448
46,6,3,0.43333333333333335,1.075,0.9913265306122448,1.8094061128367127,3.8347110997072434e-13,991.3265306122448
46,6,4,0.45,1.075,0.9913265306122448,1.817014034453952,3.9017289058110525e-13,991.3265306122448
46,6,5,0.4666666666666667,1.075,0.9913265306122448,1.8241227286560864,3.9731285225545716e-13,991.3265306122448
46,6,6,0.48333333333333334,1.075,0.9913265306122448,1.830931133545952,4.0470829327726307e-13,991.3265306122448
46,6,7,0.5,1.075,0.9913265306122448,1.8371129349588438,4.120021674658129e-13,991.3265306122448
46,7,1,0.4,1.17,0.9913265306122448,1.7998303557912116,3.9412742452872514e-13,991.3265306122448
46,7,2,0.4166666666666667,1.17,0.9913265306122448,1.8088555263770165,4.010107245732104e-13,991.3265306122448
46,7,3,0.43333333333333335,1.17,0.9913265306122448,1.817406153205038,4.0834558905063033e-13,991.3265306122448
46,7,4,0.45,1.17,0.9913265306122448,1.8249934420823375,4.155747092193277e-13,991.3265306122448
46,7,5,0.4666666666666667,1.17,0.9913265306122448,1.8320825434537857,4.2326940052037817e-13,991.3265306122448
46,7,6,0.48333333333333334,1.17,0.9913265306122448,1.8388708078657343,4.312288591618535e-13,991.3265306122448
46,7,7,0.5,1.17,0.9913265306122448,1.8450378161583953,4.3908451489303363e-13,991.3265306122448
47,1,1,0.4,0.6,1.0022448979591836,1.6792898686043591,2.918696582552093e-13,1002.2448979591836
47,1,2,0.4166666666666667,0.6,1.0022448979591836,1.6884540671111532,2.952973386072421e-13,1002.2448979591836
47,1,3,0.43333333333333335,0.6,1.0022448979591836,1.6971839450129393,2.991614276626672e-13,1002.2448979591836
47,1,4,0.45,0.6,1.0022448979591836,1.704954095982364,3.031149210910981e-13,1002.2448979591836
47,1,5,0.4666666666666667,0.6,1.0022448979591836,1.712199453616112,3.073117734488361e-13,1002.2448979591836
47,1,6,0.48333333333333334,0.6,1.0022448979591836,1.7192092856993557,3.1195508402570653e-13,1002.2448979591836
47,1,7,0.5,0.6,1.0022448979591836,1.725677042375525,3.1688272023304236e-13,1002.2448979591836
47,2,1,0.4,0.695,1.0022448979591836,1.7175571842069381,2.982415306912076e-13,1002.2448979591836
47,2,2,0.4166666666666667,0.695,1.0022448979591836,1.726789712285026,3.023577602681868e-13,1002.2448979591836
47,2,3,0.43333333333333335,0.695,1.0022448979591836,1.7355625694593075,3.06875091196866e-13,1002.2448979591836
47,2,4,0.45,0.695,1.0022448979591836,1.7433623455710332,3.1142483598394017e-13,1002.2448979591836
47,2,5,0.4666666666666667,0.695,1.0022448979591836,1.7506970983686059,3.164304867111967e-13,1002.2448979591836
47,2,6,0.48333333333333334,0.695,1.0022448979591836,1.757708200908041,3.216092210775383e-13,1002.2448979591836
47,2,7,0.5,0.695,1.0022448979591836,1.7640358413772328,3.266912016394782e-13,1002.2448979591836
47,3,1,0.4,0.7899999999999999,1.0022448979591836,1.7442497723249912,3.122598001034829e-13,1002.2448979591836
47,3,2,0.4166666666666667,0.7899999999999999,1.0022448979591836,1.753462546488275,3.1694155967908914e-13,1002.2448979591836
47,3,3,0.43333333333333335,0.7899999999999999,1.0022448979591836,1.7622060368460524,3.220193650799054e-13,1002.2448979591836
47,3,4,0.45,0.7899999999999999,1.0022448979591836,1.7699737122189776,3.270906382489136e-13,1002.2448979591836
47,3,5,0.4666666666666667,0.7899999999999999,1.0022448979591836,1.7772686960851796,3.326143433148618e-13,1002.2448979591836
47,3,6,0.48333333333333334,0.7899999999999999,1.0022448979591836,1.7842398268687245,3.3831722941457996e-13,1002.2448979591836
47,3,7,0.5,0.7899999999999999,1.0022448979591836,1.790551859975193,3.439282005697006e-13,1002.2448979591836
47,4,1,0.4,0.885,1.0022448979591836,1.7634336288431425,3.311059892745309e-13,1002.2448979591836
47,4,2,0.4166666666666667,0.885,1.0022448979591836,1.7726112263074423,3.3631295009209194e-13,1002.2448979591836
47,4,3,0.43333333333333335,0.885,1.0022448979591836,1.7813183406431503,3.419320903493607e-13,1002.2448979591836
47,4,4,0.45,0.885,1.0022448979591836,1.7890508487246302,3.4751638428764914e-13,1002.2448979591836
47,4,5,0.4666666666666667,0.885,1.0022448979591836,1.7962676712718497,3.5342205591948394e-13,1002.2448979591836
47,4,6,0.48333333333333334,0.885,1.0022448979591836,1.803201028887547,3.5966703366845773e-13,1002.2448979591836
47,4,7,0.5,0.885,1.0022448979591836,1.809528628095862,3.659937973680628e-13,1002.2448979591836
47,5,1,0.4,0.98,1.0022448979591836,1.7774013473159989,3.5216834746109367e-13,1002.2448979591836
47,5,2,0.4166666666666667,0.98,1.0022448979591836,1.7865522857041314,3.579065454561847e-13,1002.2448979591836
47,5,3,0.43333333333333335,0.98,1.0022448979591836,1.7952306806442668,3.640715557526326e-13,1002.2448979591836
47,5,4,0.45,0.98,1.0022448979591836,1.8029356347922512,3.701787893905354e-13,1002.2448979591836
47,5,5,0.4666666666666667,0.98,1.0022448979591836,1.810131454908594,3.76639835903623e-13,1002.2448979591836
47,5,6,0.48333333333333334,0.98,1.0022448979591836,1.8170363084549577,3.834336427283406e-13,1002.2448979591836
47,5,7,0.5,0.98,1.0022448979591836,1.823334838624035,3.902875631551464e-13,1002.2448979591836
47,6,1,0.4,1.075,1.0022448979591836,1.787718322328387,3.740926915347435e-13,1002.2448979591836
47,6,2,0.4166666666666667,1.075,1.0022448979591836,1.796855165252189,3.8037261528603676e-13,1002.2448979591836
47,6,3,0.43333333333333335,1.075,1.0022448979591836,1.8055170827800815,3.8709278723456046e-13,1002.2448979591836
47,6,4,0.45,1.075,1.0022448979591836,1.813206634746661,3.937362931341852e-13,1002.2448979591836
47,6,5,0.4666666666666667,1.075,1.0022448979591836,1.8203980777914845,4.0083072766945793e-13,1002.2448979591836
47,6,6,0.48333333333333334,1.075,1.0022448979591836,1.8272860904645152,4.08183027060657e-13,1002.2448979591836
47,6,7,0.5,1.075,1.0022448979591836,1.8335415633483516,4.1543819399323837e-13,1002.2448979591836
47,7,1,0.4,1.17,1.0022448979591836,1.7959374578395737,3.97897284308514e-13,1002.2448979591836
47,7,2,0.4166666666666667,1.17,1.0022448979591836,1.8050524812347357,4.0469986075185026e-13,1002.2448979591836
47,7,3,0.43333333333333335,1.17,1.0022448979591836,1.81369196720469,4.119627096678657e-13,1002.2448979591836
47,7,4,0.45,1.17,1.0022448979591836,1.821360673478561,4.1913090726394003e-13,1002.2448979591836
47,7,5,0.4666666666666667,1.17,1.0022448979591836,1.8285322185051784,4.267775405651074e-13,1002.2448979591836
47,7,6,0.48333333333333334,1.17,1.0022448979591836,1.8353997730277942,4.3469121730714547e-13,1002.2448979591836
47,7,7,0.5,1.17,1.0022448979591836,1.8416402906332534,4.425057494290056e-13,1002.2448979591836
48,1,1,0.4,0.6,1.0131632653061224,1.6730845023232372,2.9748587115656594e-13,1013.1632653061224
48,1,2,0.4166666666666667,0.6,1.0131632653061224,1.6823178051335594,3.0079324023671057e-13,1013.1632653061224
48,1,3,0.43333333333333335,0.6,1.0131632653061224,1.6911198295827743,3.045556320087729e-13,1013.1632653061224
48,1,4,0.45,0.6,1.0131632653061224,1.69895842290525,3.0842776836875057e-13,1013.1632653061224
48,1,5,0.4666666666666667,0.6,1.0131632653061224,1.7062724419756399,3.125504685008123e-13,1013.1632653061224
48,1,6,0.48333333333333334,0.6,1.0131632653061224,1.7133537257832816,3.171401946323749e-13,1013.1632653061224
48,1,7,0.5,0.6,1.0131632653061224,1.7198940150063498,3.2203828158521093e-13,1013.1632653061224
48,2,1,0.4,0.695,1.0131632653061224,1.7120595862413943,3.030042682947429e-13,1013.1632653061224
48,2,2,0.4166666666666667,0.695,1.0131632653061224,1.7213734596262182,3.0702673333209417e-13,1013.1632653061224
48,2,3,0.43333333333333335,0.695,1.0131632653061224,1.7302287450778668,3.11463970340249e-13,1013.1632653061224
48,2,4,0.45,0.695,1.0131632653061224,1.7381053405437676,3.1594922810100135e-13,1013.1632653061224
48,2,5,0.4666666666666667,0.695,1.0131632653061224,1.7455209284777051,3.2090857028538144e-13,1013.1632653061224
48,2,6,0.48333333333333334,0.695,1.0131632653061224,1.7526091945796878,3.260432838639323e-13,1013.1632653061224
48,2,7,0.5,0.695,1.0131632653061224,1.7590068447306109,3.3108526932384484e-13,1013.1632653061224
48,3,1,0.4,0.7899999999999999,1.0131632653061224,1.7392805811506493,3.165508651743239e-13,1013.1632653061224
48,3,2,0.4166666666666667,0.7899999999999999,1.0131632653061224,1.748579038119026,3.211487126261113e-13,1013.1632653061224
48,3,3,0.43333333333333335,0.7899999999999999,1.0131632653061224,1.7574083635952054,3.2615398946227886e-13,1013.1632653061224
48,3,4,0.45,0.7899999999999999,1.0131632653061224,1.7652554150415558,3.3116609825372006e-13,1013.1632653061224
48,3,5,0.4666666666666667,0.7899999999999999,1.0131632653061224,1.7726326918920918,3.3664624426609803e-13,1013.1632653061224
48,3,6,0.48333333333333334,0.7899999999999999,1.0131632653061224,1.7796824895785603,3.4230781886787746e-13,1013.1632653061224
48,3,7,0.5,0.7899999999999999,1.0131632653061224,1.7860666946522383,3.478815612797001e-13,1013.1632653061224
48,4,1,0.4,0.885,1.0131632653061224,1.7588555087830349,3.35139992750568e-13,1013.1632653061224
48,4,2,0.4166666666666667,0.885,1.0131632653061224,1.7681203482429768,3.402657637293833e-13,1013.1632653061224
48,4,3,0.43333333333333335,0.885,1.0131632653061224,1.7769144731304611,3.458141049034026e-13,1013.1632653061224
48,4,4,0.45,0.885,1.0131632653061224,1.7847271503975937,3.5133984599240203e-13,1013.1632653061224
48,4,5,0.4666666666666667,0.885,1.0131632653061224,1.792024504380909,3.5719572384614024e-13,1013.1632653061224
48,4,6,0.48333333333333334,0.885,1.0131632653061224,1.799036824627886,3.6339923154746257e-13,1013.1632653061224
48,4,7,0.5,0.885,1.0131632653061224,1.8054392555797774,3.6969559251876353e-13,1013.1632653061224
48,5,1,0.4,0.98,1.0131632653061224,1.7731149976418692,3.560671254065851e-13,1013.1632653061224
48,5,2,0.4166666666666667,0.98,1.0131632653061224,1.7823539586019983,3.617246398859053e-13,1013.1632653061224
48,5,3,0.43333333333333335,0.98,1.0131632653061224,1.791119861284231,3.678186686400765e-13,1013.1632653061224
48,5,4,0.45,0.98,1.0131632653061224,1.7989052622296848,3.7386664162817024e-13,1013.1632653061224
48,5,5,0.4666666666666667,0.98,1.0131632653061224,1.806182060840159,3.802775237461859e-13,1013.1632653061224
48,5,6,0.48333333333333334,0.98,1.0131632653061224,1.8131658306578131,3.8702836515259357e-13,1013.1632653061224
48,5,7,0.5,0.98,1.0131632653061224,1.8195388531688543,3.938493824490414e-13,1013.1632653061224
48,6,1,0.4,1.075,1.0131632653061224,1.7836507470605802,3.779306601357807e-13,1013.1632653061224
48,6,2,0.4166666666666667,1.075,1.0131632653061224,1.7928761940694313,3.8412935529967775e-13,1013.1632653061224
48,6,3,0.43333333333333335,1.075,1.0131632653061224,1.8016259911872319,3.9077752264849345e-13,1013.1632653061224
48,6,4,0.45,1.075,1.0131632653061224,1.809396237779437,3.9736056160780473e-13,1013.1632653061224
48,6,5,0.4666666666666667,1.075,1.0131632653061224,1.816669623318878,4.044074544221604e-13,1013.1632653061224
48,6,6,0.48333333333333334,1.075,1.0131632653061224,1.8236365362862035,4.1171480276536684e-13,1013.1632653061224
48,6,7,0.5,1.075,1.0131632653061224,1.8299650722080714,4.18929663360756e-13,1013.1632653061224
48,7,1,0.4,1.17,1.0131632653061224,1.7920464127588651,4.017307406556651e-13,1013.1632653061224
48,7,2,0.4166666666666667,1.17,1.0131632653061224,1.8012500403081186,4.0844976332586073e-13,1013.1632653061224
48,7,3,0.43333333333333335,1.17,1.0131632653061224,1.80997728738177,4.1563808140317507e-13,1013.1632653061224
48,7,4,0.45,1.17,1.0131632653061224,1.817726507384599,4.227432709592724e-13,1013.1632653061224
48,7,5,0.4666666666666667,1.17,1.0131632653061224,1.8249797131163867,4.3033990193183393e-13,1013.1632653061224
48,7,6,0.48333333333333334,1.17,1.0131632653061224,1.831925872245973,4.3820605852491244e-13,1013.1632653061224
48,7,7,0.5,1.17,1.0131632653061224,1.8382393133170825,4.459779316805191e-13,1013.1632653061224
49,1,1,0.4,0.6,1.0240816326530613,1.6668760111979768,3.0328336377283706e-13,1024.0816326530612
49,1,2,0.4166666666666667,0.6,1.0240816326530613,1.676175128840725,3.0646105604724583e-13,1024.0816326530612
49,1,3,0.43333333333333335,0.6,1.0240816326530613,1.685046416939346,3.101136841919744e-13,1024.0816326530612
49,1,4,0.45,0.6,1.0240816326530613,1.6929510767572944,3.1389789914119286e-13,1024.0816326530612
49,1,5,0.4666666666666667,0.6,1.0240816326530613,1.7003315181614997,3.1794007428735053e-13,1024.0816326530612
49,1,6,0.48333333333333334,0.6,1.0240816326530613,1.7074824392863672,3.2247122016572637e-13,1024.0816326530612
49,1,7,0.5,0.6,1.0240816326530613,1.7140939239721018,3.2733625699993435e-13,1024.0816326530612
49,2,1,0.4,0.695,1.0240816326530613,1.7065558900694997,3.078999454115101e-13,1024.0816326530612
49,2,2,0.4166666666666667,0.695,1.0240816326530613,1.7159488556806832,3.1182259768838684e-13,1024.0816326530612
49,2,3,0.43333333333333335,0.695,1.0240816326530613,1.7248846023301019,3.1617448177454567e-13,1024.0816326530612
49,2,4,0.45,0.695,1.0240816326530613,1.7328364049200313,3.205909503154812e-13,1024.0816326530612
49,2,5,0.4666666666666667,0.695,1.0240816326530613,1.74033149805416,3.255003756633173e-13,1024.0816326530612
49,2,6,0.48333333333333334,0.695,1.0240816326530613,1.7474957053290634,3.3058769057131433e-13,1024.0816326530612
49,2,7,0.5,0.695,1.0240816326530613,1.753962257267527,3.3558662634994236e-13,1024.0816326530612
49,3,1,0.4,0.7899999999999999,1.0240816326530613,1.7343063330917243,3.2094762559863976e-13,1024.0816326530612
49,3,2,0.4166666666666667,0.7899999999999999,1.0240816326530613,1.7436886916930348,3.254569701686232e-13,1024.0816326530612
49,3,3,0.43333333333333335,0.7899999999999999,1.0240816326530613,1.752602295496684,3.303856985331766e-13,1024.0816326530612
49,3,4,0.45,0.7899999999999999,1.0240816326530613,1.7605274469393015,3.3533533952684615e-13,1024.0816326530612
49,3,5,0.4666666666666667,0.7899999999999999,1.0240816326530613,1.7679859517417376,3.4076907180989153e-13,1024.0816326530612
49,3,6,0.48333333333333334,0.7899999999999999,1.0240816326530613,1.7751134526595633,3.463867062749647e-13,1024.0816326530612
49,3,7,0.5,0.7899999999999999,1.0240816326530613,1.7815689749347394,3.519208647130103e-13,1024.0816326530612
49,4,1,0.4,0.885,1.0240816326530613,1.7542742256812252,3.392629553234255e-13,1024.0816326530612
49,4,2,0.4166666666666667,0.885,1.0240816326530613,1.7636247637082547,3.4430370069739436e-13,1024.0816326530612
49,4,3,0.43333333333333335,0.885,1.0240816326530613,1.772504548529619,3.497778692250419e-13,1024.0816326530612
49,4,4,0.45,0.885,1.0240816326530613,1.7803962863049363,3.552422728186143e-13,1024.0816326530612
49,4,5,0.4666666666666667,0.885,1.0240816326530613,1.787773165773468,3.610457011533235e-13,1024.0816326530612
49,4,6,0.48333333333333334,0.885,1.0240816326530613,1.7948636130695277,3.672055158994044e-13,1024.0816326530612
49,4,7,0.5,0.885,1.0240816326530613,1.8013402181287788,3.7346971772643393e-13,1024.0816326530612
49,5,1,0.4,0.98,1.0240816326530613,1.768827339239739,3.6004381659922487e-13,1024.0816326530612
49,5,2,0.4166666666666667,0.98,1.0240816326530613,1.7781529178519566,3.6561726592749784e-13,1024.0816326530612
49,5,3,0.43333333333333335,0.98,1.0240816326530613,1.7870050961010195,3.7163732753682444e-13,1024.0816326530612
49,5,4,0.45,0.98,1.0240816326530613,1.7948699307233478,3.7762357030563694e-13,1024.0816326530612
49,5,5,0.4666666666666667,0.98,1.0240816326530613,1.8022267959329763,3.8398191830826177e-13,1024.0816326530612
49,5,6,0.48333333333333334,0.98,1.0240816326530613,1.8092887163391738,3.906877971182398e-13,1024.0816326530612
49,5,7,0.5,0.98,1.0240816326530613,1.8157356209560023,3.9747430337288623e-13,1024.0816326530612
49,6,1,0.4,1.075,1.0240816326530613,1.7795834533809307,3.818390126764629e-13,1024.0816326530612
49,6,2,0.4166666666666667,1.075,1.0240816326530613,1.788896187699548,3.879533803876266e-13,1024.0816326530612
49,6,3,0.43333333333333335,1.075,1.0240816326530613,1.7977327073339897,3.9452679761018045e-13,1024.0816326530612
49,6,4,0.45,1.075,1.0240816326530613,1.80558269662818,4.010470965538878e-13,1024.0816326530612
49,6,5,0.4666666666666667,1.075,1.0240816326530613,1.812937202609732,4.0804436619970064e-13,1024.0816326530612
49,6,6,0.48333333333333334,1.075,1.0240816326530613,1.8199822929802574,4.153048904252268e-13,1024.0816326530612
49,6,7,0.5,1.075,1.0240816326530613,1.8263832691618536,4.2247778940108245e-13,1024.0816326530612
49,7,1,0.4,1.17,1.0240816326530613,1.7881570946202137,4.0562925877039114e-13,1024.0816326530612
49,7,2,0.4166666666666667,1.17,1.0240816326530613,1.7974480621834592,4.122618018965867e-13,1024.0816326530612
49,7,3,0.43333333333333335,1.17,1.0240816326530613,1.8062619571418723,4.1937298973961854e-13,1024.0816326530612
49,7,4,0.45,1.17,1.0240816326530613,1.8140907734807707,4.2641301565743874e-13,1024.0816326530612
49,7,5,0.4666666666666667,1.17,1.0240816326530613,1.821424843367949,4.339576423982727e-13,1024.0816326530612
49,7,6,0.48333333333333334,1.17,1.0240816326530613,1.8284489081716717,4.4177448543054346e-13,1024.0816326530612
49,7,7,0.5,1.17,1.0240816326530613,1.8348346742974893,4.49502115569981e-13,1024.0816326530612
50,1,1,0.4,0.6,1.035,1.660665679814544,3.0926968927109616e-13,1035.0
50,1,2,0.4166666666666667,0.6,1.035,1.670027186699176,3.1230762513984184e-13,1035.0
50,1,3,0.43333333333333335,0.6,1.035,1.678964731509843,3.1584181939722454e-13,1035.0
50,1,4,0.45,0.6,1.035,1.6869329766176246,3.195310651861672e-13,1035.0
50,1,5,0.4666666666666667,0.6,1.035,1.6943775005442163,3.234858841493789e-13,1035.0
50,1,6,0.48333333333333334,0.6,1.035,1.7015961559130686,3.279530913333731e-13,1035.0
50,1,7,0.5,0.6,1.035,1.708277425979754,3.3278131843634464e-13,1035.0
50,2,1,0.4,0.695,1.035,1.7010466440923244,3.1293326123879173e-13,1035.0
50,2,2,0.4166666666666667,0.695,1.035,1.7105163731280497,3.16749679159913e-13,1035.0
50,2,3,0.43333333333333335,0.695,1.035,1.7195305448502822,3.2101063142991004e-13,1035.0
50,2,4,0.45,0.695,1.035,1.7275558835534355,3.2535374924882803e-13,1035.0
50,2,5,0.4666666666666667,0.695,1.035,1.735129099361066,3.3020943713429306e-13,1035.0
50,2,6,0.48333333333333334,0.695,1.035,1.7423679754389458,3.3524577521919013e-13,1035.0
50,2,7,0.5,0.695,1.035,1.7489022758755113,3.40198426989801e-13,1035.0
50,3,1,0.4,0.7899999999999999,1.035,1.7293272562943878,3.2545342255402466e-13,1035.0
50,3,2,0.4166666666666667,0.7899999999999999,1.035,1.7387916881110832,3.2986943192775007e-13,1035.0
50,3,3,0.43333333333333335,0.7899999999999999,1.035,1.7477879699772076,3.347173829057401e-13,1035.0
50,3,4,0.45,0.7899999999999999,1.035,1.7557899080093091,3.396010817413847e-13,1035.0
50,3,5,0.4666666666666667,0.7899999999999999,1.035,1.763328541735434,3.4498540316909205e-13,1035.0
50,3,6,0.48333333333333334,0.7899999999999999,1.035,1.770532749748676,3.5055633540767126e-13,1035.0
50,3,7,0.5,0.7899999999999999,1.035,1.7770587048012825,3.5604843577074716e-13,1035.0
50,4,1,0.4,0.885,1.035,1.7496898493256292,3.4347743295604194e-13,1035.0
50,4,2,0.4166666666666667,0.885,1.035,1.7591245100121715,3.484291403790418e-13,1035.0
50,4,3,0.43333333333333335,0.885,1.035,1.7680885738540104,3.538256088987893e-13,1035.0
50,4,4,0.45,0.885,1.035,1.7760582371331164,3.592257636659282e-13,1035.0
50,4,5,0.4666666666666667,0.885,1.035,1.783513610141334,3.649739724028845e-13,1035.0
50,4,6,0.48333333333333334,0.885,1.035,1.7906813254123177,3.710877725740998e-13,1035.0
50,4,7,0.5,0.885,1.035,1.797231426952018,3.7731797976279484e-13,1035.0
50,5,1,0.4,0.98,1.035,1.7645383538552601,3.64100481769955e-13,1035.0
50,5,2,0.4166666666666667,0.98,1.035,1.7739491211995182,3.6958634543947814e-13,1035.0
50,5,3,0.43333333333333335,0.98,1.035,1.7828863201001006,3.755293328417365e-13,1035.0
50,5,4,0.45,0.98,1.035,1.7908295552587787,3.814512753252502e-13,1035.0
50,5,5,0.4666666666666667,0.98,1.035,1.798265555098505,3.8775463006724773e-13,1035.0
50,5,6,0.48333333333333334,0.98,1.035,1.8054048419971511,3.94413470547961e-13,1035.0
50,5,7,0.5,0.98,1.035,1.8119250025607982,4.011637937945349e-13,1035.0
50,6,1,0.4,1.075,1.035,1.7755163705846353,3.858194856430045e-13,1035.0
50,6,2,0.4166666666666667,1.075,1.035,1.7849150566168623,3.9184631181973496e-13,1035.0
50,6,3,0.43333333333333335,1.075,1.035,1.7938371235692256,3.9834213233386885e-13,1035.0
50,6,4,0.45,1.075,1.035,1.8017658874783924,4.0479733431946397e-13,1035.0
50,6,5,0.4666666666666667,1.075,1.035,1.8092006761965058,4.117428296995286e-13,1035.0
50,6,6,0.48333333333333334,1.075,1.035,1.8163232057254117,4.1895459067965044e-13,1035.0
50,6,7,0.5,1.075,1.035,1.8227959850872424,4.2608381447340633e-13,1035.0
50,7,1,0.4,1.17,1.035,1.7842693991304146,4.095943415186857e-13,1035.0
50,7,2,0.4166666666666667,1.17,1.035,1.7936464272381705,4.161373802871383e-13,1035.0
50,7,3,0.43333333333333335,1.17,1.035,1.8025458418287839,4.2316875140447275e-13,1035.0
50,7,4,0.45,1.17,1.035,1.8104533235139364,4.301413855575324e-13,1035.0
50,7,5,0.4666666666666667,1.17,1.035,1.817867447542097,4.3763194630719674e-13,1035.0
50,7,6,0.48333333333333334,1.17,1.035,1.8249687057840083,4.4539762527457473e-13,1035.0
50,7,7,0.5,1.17,1.035,1.8314261861019125,4.530793779957179e-13,1035.0
